Transaction_ID,Date,Inventory_ID,Quantity_Consumed,Department,Staff_ID,Shift,Consumption_Reason,Remaining_Stock,Batch_Lot
TXN000001,08-08-2025,INV00237,4,General,STF6148,Afternoon,Emergency Use,179,LOT56834
TXN000002,21-08-2025,INV00345,6,ER,STF4917,Afternoon,Routine Use,383,LOT43634
TXN000003,04-08-2025,INV00133,16,Pediatrics,STF6872,Morning,Emergency Use,9,LOT67153
TXN000004,06-08-2025,INV00290,14,General,STF4942,Afternoon,Emergency Use,16,LOT45633
TXN000005,30-08-2025,INV00242,5,ICU,STF5557,Afternoon,Emergency Use,186,LOT58000
TXN000006,20-08-2025,INV00393,16,ER,STF6382,Afternoon,Routine Use,357,LOT79569
TXN000007,26-08-2025,INV00230,4,ER,STF8709,Night,Emergency Use,315,LOT23515
TXN000008,13-08-2025,INV00161,3,ER,STF9616,Morning,Routine Use,164,LOT72563
TXN000009,23-08-2025,INV00141,2,ER,STF5626,Night,Emergency Use,84,LOT69771
TXN000010,06-08-2025,INV00123,13,ER,STF9565,Morning,Routine Use,170,LOT53467
TXN000011,12-08-2025,INV00231,3,Pediatrics,STF4765,Afternoon,Routine Use,400,LOT48181
TXN000012,13-08-2025,INV00076,7,Surgery,STF1508,Afternoon,Routine Use,59,LOT17572
TXN000013,18-08-2025,INV00289,15,Surgery,STF2841,Night,Emergency Use,93,LOT42327
TXN000014,07-08-2025,INV00463,17,Pediatrics,STF6832,Afternoon,Routine Use,257,LOT88675
TXN000015,17-08-2025,INV00474,19,ER,STF6575,Night,Emergency Use,137,LOT80476
TXN000016,25-08-2025,INV00276,20,ER,STF5767,Afternoon,Routine Use,374,LOT42791
TXN000017,26-08-2025,INV00278,12,ER,STF9680,Morning,Emergency Use,471,LOT13833
TXN000018,21-08-2025,INV00390,1,General,STF3870,Night,Routine Use,188,LOT89608
TXN000019,13-08-2025,INV00059,13,Surgery,STF8743,Afternoon,Emergency Use,223,LOT68415
TXN000020,08-08-2025,INV00494,17,ICU,STF3682,Afternoon,Routine Use,116,LOT20394
TXN000021,13-08-2025,INV00032,12,ER,STF4407,Morning,Emergency Use,431,LOT63775
TXN000022,15-08-2025,INV00362,17,ICU,STF9450,Morning,Routine Use,256,LOT92883
TXN000023,08-08-2025,INV00180,17,General,STF7309,Morning,Emergency Use,347,LOT61606
TXN000024,14-08-2025,INV00131,12,Surgery,STF1671,Night,Routine Use,265,LOT91739
TXN000025,30-08-2025,INV00419,9,General,STF1354,Night,Routine Use,364,LOT44501
TXN000026,14-08-2025,INV00428,10,ICU,STF7747,Afternoon,Emergency Use,11,LOT61268
TXN000027,24-08-2025,INV00391,18,Pediatrics,STF2883,Morning,Routine Use,315,LOT70399
TXN000028,26-08-2025,INV00105,5,Surgery,STF9345,Morning,Routine Use,71,LOT26511
TXN000029,21-08-2025,INV00251,4,ICU,STF2728,Night,Emergency Use,221,LOT21579
TXN000030,28-08-2025,INV00474,1,Pediatrics,STF5366,Night,Emergency Use,386,LOT56468
TXN000031,03-08-2025,INV00251,8,Pediatrics,STF9263,Morning,Emergency Use,270,LOT72617
TXN000032,05-08-2025,INV00487,6,Pediatrics,STF3492,Morning,Routine Use,490,LOT95662
TXN000033,11-08-2025,INV00411,10,Pediatrics,STF7318,Night,Routine Use,487,LOT92147
TXN000034,25-08-2025,INV00168,5,Pediatrics,STF6802,Morning,Routine Use,97,LOT28512
TXN000035,10-08-2025,INV00428,11,ER,STF8435,Night,Emergency Use,304,LOT52295
TXN000036,18-08-2025,INV00391,15,ICU,STF2025,Afternoon,Routine Use,140,LOT47651
TXN000037,10-08-2025,INV00324,3,Surgery,STF9324,Morning,Emergency Use,428,LOT50402
TXN000038,23-08-2025,INV00089,17,Pediatrics,STF1296,Night,Emergency Use,326,LOT53851
TXN000039,05-08-2025,INV00382,11,ER,STF9885,Morning,Emergency Use,178,LOT50389
TXN000040,02-08-2025,INV00424,6,General,STF9094,Night,Emergency Use,154,LOT15086
TXN000041,02-08-2025,INV00282,16,ER,STF3977,Night,Routine Use,434,LOT99723
TXN000042,25-08-2025,INV00051,9,Surgery,STF8319,Morning,Routine Use,230,LOT69921
TXN000043,16-08-2025,INV00183,16,ER,STF6232,Morning,Routine Use,271,LOT22275
TXN000044,19-08-2025,INV00146,8,ICU,STF5441,Afternoon,Emergency Use,47,LOT83424
TXN000045,08-08-2025,INV00043,12,General,STF7050,Afternoon,Routine Use,31,LOT93496
TXN000046,20-08-2025,INV00358,11,Pediatrics,STF7535,Morning,Routine Use,118,LOT78486
TXN000047,08-08-2025,INV00063,12,Pediatrics,STF8378,Night,Routine Use,256,LOT89692
TXN000048,14-08-2025,INV00014,8,ICU,STF9709,Afternoon,Routine Use,264,LOT75527
TXN000049,10-08-2025,INV00254,11,General,STF5735,Morning,Routine Use,389,LOT82201
TXN000050,04-08-2025,INV00461,10,ICU,STF6704,Morning,Routine Use,379,LOT78329
TXN000051,11-08-2025,INV00415,9,General,STF4713,Morning,Emergency Use,428,LOT11175
TXN000052,28-08-2025,INV00114,18,General,STF6167,Afternoon,Routine Use,333,LOT47628
TXN000053,16-08-2025,INV00307,4,ER,STF4479,Night,Emergency Use,379,LOT71060
TXN000054,17-08-2025,INV00035,10,ICU,STF1288,Night,Emergency Use,57,LOT63225
TXN000055,14-08-2025,INV00009,6,ER,STF8945,Afternoon,Routine Use,121,LOT10654
TXN000056,07-08-2025,INV00009,8,ER,STF5667,Night,Routine Use,110,LOT51985
TXN000057,16-08-2025,INV00049,19,ICU,STF7939,Afternoon,Emergency Use,16,LOT62970
TXN000058,15-08-2025,INV00288,11,ER,STF5529,Morning,Routine Use,35,LOT29828
TXN000059,28-08-2025,INV00348,9,Pediatrics,STF5060,Night,Emergency Use,115,LOT54821
TXN000060,06-08-2025,INV00170,1,General,STF7837,Night,Routine Use,322,LOT24270
TXN000061,28-08-2025,INV00395,4,ICU,STF7849,Afternoon,Routine Use,161,LOT11886
TXN000062,01-08-2025,INV00439,15,ER,STF7132,Night,Routine Use,37,LOT82754
TXN000063,27-08-2025,INV00446,9,Surgery,STF1129,Morning,Emergency Use,59,LOT75291
TXN000064,10-08-2025,INV00295,19,ICU,STF4461,Afternoon,Emergency Use,475,LOT36681
TXN000065,13-08-2025,INV00401,14,Surgery,STF2419,Afternoon,Routine Use,32,LOT60853
TXN000066,31-08-2025,INV00041,5,General,STF8463,Night,Routine Use,409,LOT12187
TXN000067,24-08-2025,INV00321,8,ER,STF6480,Morning,Emergency Use,50,LOT76564
TXN000068,30-08-2025,INV00081,11,ICU,STF5327,Night,Routine Use,196,LOT28082
TXN000069,18-08-2025,INV00258,16,ER,STF6227,Afternoon,Emergency Use,413,LOT82573
TXN000070,14-08-2025,INV00133,3,General,STF3033,Night,Routine Use,103,LOT26521
TXN000071,30-08-2025,INV00294,10,Pediatrics,STF8129,Afternoon,Routine Use,329,LOT42083
TXN000072,27-08-2025,INV00491,13,Pediatrics,STF4060,Night,Emergency Use,446,LOT64101
TXN000073,02-08-2025,INV00152,18,ICU,STF8886,Afternoon,Emergency Use,328,LOT95563
TXN000074,14-08-2025,INV00116,16,Surgery,STF2406,Afternoon,Emergency Use,212,LOT16478
TXN000075,16-08-2025,INV00224,1,General,STF2989,Afternoon,Routine Use,10,LOT60113
TXN000076,25-08-2025,INV00344,18,ICU,STF9177,Morning,Routine Use,127,LOT35124
TXN000077,08-08-2025,INV00376,6,ICU,STF6401,Morning,Routine Use,243,LOT13859
TXN000078,24-08-2025,INV00181,4,General,STF2475,Morning,Routine Use,36,LOT57454
TXN000079,06-08-2025,INV00144,4,ER,STF1551,Morning,Routine Use,164,LOT52755
TXN000080,16-08-2025,INV00271,17,ER,STF6243,Night,Emergency Use,30,LOT86320
TXN000081,16-08-2025,INV00374,2,General,STF6993,Night,Routine Use,211,LOT67154
TXN000082,23-08-2025,INV00496,6,ICU,STF4734,Morning,Emergency Use,52,LOT54976
TXN000083,30-08-2025,INV00111,10,Pediatrics,STF2306,Night,Routine Use,363,LOT19771
TXN000084,08-08-2025,INV00034,14,ICU,STF1179,Afternoon,Routine Use,365,LOT29789
TXN000085,02-08-2025,INV00332,8,General,STF8919,Night,Routine Use,290,LOT96982
TXN000086,25-08-2025,INV00324,10,Pediatrics,STF5617,Night,Routine Use,384,LOT79699
TXN000087,06-08-2025,INV00287,19,Surgery,STF1999,Morning,Emergency Use,485,LOT12154
TXN000088,26-08-2025,INV00133,13,Surgery,STF4682,Afternoon,Emergency Use,341,LOT56434
TXN000089,24-08-2025,INV00124,12,ER,STF3417,Morning,Emergency Use,74,LOT78379
TXN000090,09-08-2025,INV00305,15,General,STF4130,Morning,Routine Use,185,LOT17053
TXN000091,21-08-2025,INV00021,8,ICU,STF4184,Afternoon,Routine Use,337,LOT79943
TXN000092,02-08-2025,INV00287,10,General,STF4561,Night,Routine Use,310,LOT81735
TXN000093,26-08-2025,INV00003,3,ICU,STF3832,Afternoon,Routine Use,169,LOT52108
TXN000094,20-08-2025,INV00488,18,General,STF2811,Afternoon,Routine Use,34,LOT73127
TXN000095,03-08-2025,INV00274,18,ICU,STF7600,Night,Emergency Use,423,LOT40223
TXN000096,14-08-2025,INV00105,4,ICU,STF8181,Afternoon,Routine Use,33,LOT72216
TXN000097,14-08-2025,INV00380,10,ER,STF3733,Morning,Emergency Use,404,LOT23808
TXN000098,26-08-2025,INV00351,11,General,STF2030,Afternoon,Emergency Use,129,LOT52666
TXN000099,22-08-2025,INV00330,19,ICU,STF3811,Night,Emergency Use,408,LOT40030
TXN000100,02-08-2025,INV00454,7,ER,STF7779,Afternoon,Routine Use,27,LOT52818
TXN000101,26-08-2025,INV00457,9,ER,STF5802,Night,Routine Use,266,LOT45019
TXN000102,20-08-2025,INV00061,1,ICU,STF8049,Afternoon,Emergency Use,179,LOT93060
TXN000103,08-08-2025,INV00334,4,ICU,STF1796,Morning,Routine Use,104,LOT64593
TXN000104,07-08-2025,INV00440,6,ER,STF3257,Afternoon,Emergency Use,29,LOT31030
TXN000105,17-08-2025,INV00103,14,ICU,STF4778,Afternoon,Routine Use,250,LOT48408
TXN000106,07-08-2025,INV00161,6,General,STF3151,Afternoon,Emergency Use,9,LOT33432
TXN000107,13-08-2025,INV00141,8,ICU,STF6654,Morning,Emergency Use,294,LOT34632
TXN000108,15-08-2025,INV00381,17,General,STF8167,Morning,Emergency Use,79,LOT30601
TXN000109,18-08-2025,INV00304,5,General,STF1578,Night,Routine Use,375,LOT78494
TXN000110,26-08-2025,INV00256,6,ICU,STF7050,Afternoon,Emergency Use,68,LOT47323
TXN000111,27-08-2025,INV00038,19,ICU,STF8278,Night,Routine Use,283,LOT97818
TXN000112,16-08-2025,INV00470,14,ER,STF1514,Morning,Emergency Use,401,LOT88233
TXN000113,11-08-2025,INV00105,5,ICU,STF8537,Morning,Emergency Use,382,LOT50836
TXN000114,15-08-2025,INV00164,13,Surgery,STF2986,Afternoon,Routine Use,417,LOT28640
TXN000115,10-08-2025,INV00028,16,Pediatrics,STF3898,Afternoon,Routine Use,269,LOT16955
TXN000116,30-08-2025,INV00113,6,ER,STF2398,Night,Routine Use,475,LOT45531
TXN000117,07-08-2025,INV00083,6,Surgery,STF8527,Night,Routine Use,338,LOT20581
TXN000118,02-08-2025,INV00430,11,Surgery,STF5308,Afternoon,Routine Use,104,LOT26129
TXN000119,09-08-2025,INV00029,20,ER,STF7667,Morning,Emergency Use,214,LOT41009
TXN000120,04-08-2025,INV00331,9,ICU,STF4440,Morning,Routine Use,268,LOT41671
TXN000121,10-08-2025,INV00067,11,ER,STF1808,Afternoon,Emergency Use,19,LOT23214
TXN000122,16-08-2025,INV00458,19,Pediatrics,STF5118,Night,Routine Use,184,LOT32294
TXN000123,25-08-2025,INV00017,5,ER,STF5755,Morning,Emergency Use,182,LOT55747
TXN000124,15-08-2025,INV00041,8,Surgery,STF7462,Night,Emergency Use,240,LOT95667
TXN000125,12-08-2025,INV00097,11,Surgery,STF5429,Afternoon,Emergency Use,161,LOT90581
TXN000126,21-08-2025,INV00417,9,ER,STF9982,Afternoon,Emergency Use,67,LOT44266
TXN000127,29-08-2025,INV00425,4,Pediatrics,STF2888,Morning,Emergency Use,198,LOT18243
TXN000128,13-08-2025,INV00347,11,General,STF4243,Night,Emergency Use,477,LOT38755
TXN000129,29-08-2025,INV00023,13,Surgery,STF8832,Afternoon,Routine Use,408,LOT53548
TXN000130,26-08-2025,INV00261,18,General,STF3834,Night,Routine Use,399,LOT79399
TXN000131,10-08-2025,INV00129,17,ICU,STF6987,Morning,Routine Use,118,LOT26051
TXN000132,24-08-2025,INV00067,14,General,STF4175,Afternoon,Routine Use,356,LOT19706
TXN000133,03-08-2025,INV00364,2,ICU,STF6163,Afternoon,Routine Use,427,LOT24193
TXN000134,10-08-2025,INV00402,5,ER,STF7605,Morning,Emergency Use,477,LOT28776
TXN000135,16-08-2025,INV00024,13,Pediatrics,STF2276,Morning,Emergency Use,383,LOT27747
TXN000136,15-08-2025,INV00452,15,ER,STF2531,Morning,Routine Use,470,LOT24126
TXN000137,03-08-2025,INV00068,20,ER,STF8132,Night,Routine Use,72,LOT64799
TXN000138,10-08-2025,INV00134,8,Pediatrics,STF2501,Morning,Routine Use,176,LOT80003
TXN000139,07-08-2025,INV00344,6,Pediatrics,STF4206,Afternoon,Emergency Use,459,LOT49426
TXN000140,01-08-2025,INV00055,11,ER,STF2060,Afternoon,Emergency Use,333,LOT53291
TXN000141,24-08-2025,INV00089,16,Pediatrics,STF5376,Morning,Emergency Use,66,LOT24548
TXN000142,12-08-2025,INV00387,14,ICU,STF4797,Afternoon,Emergency Use,124,LOT50762
TXN000143,17-08-2025,INV00338,10,ICU,STF4054,Afternoon,Routine Use,178,LOT46353
TXN000144,08-08-2025,INV00275,2,Pediatrics,STF4528,Afternoon,Emergency Use,422,LOT99049
TXN000145,24-08-2025,INV00130,17,ER,STF3195,Morning,Emergency Use,225,LOT73350
TXN000146,25-08-2025,INV00018,20,ER,STF9711,Morning,Routine Use,268,LOT82520
TXN000147,18-08-2025,INV00155,2,General,STF1584,Night,Emergency Use,429,LOT50624
TXN000148,06-08-2025,INV00134,13,ER,STF2009,Night,Emergency Use,186,LOT66861
TXN000149,02-08-2025,INV00470,5,Pediatrics,STF2278,Afternoon,Routine Use,139,LOT59993
TXN000150,23-08-2025,INV00201,1,ER,STF7169,Morning,Routine Use,109,LOT36235
TXN000151,17-08-2025,INV00291,18,ER,STF8404,Afternoon,Routine Use,111,LOT69062
TXN000152,24-08-2025,INV00353,17,ICU,STF4889,Night,Emergency Use,153,LOT81747
TXN000153,13-08-2025,INV00314,9,ICU,STF2261,Night,Emergency Use,360,LOT88259
TXN000154,15-08-2025,INV00090,18,Pediatrics,STF3739,Morning,Emergency Use,364,LOT84010
TXN000155,21-08-2025,INV00353,1,General,STF5332,Night,Emergency Use,487,LOT77030
TXN000156,07-08-2025,INV00279,16,Pediatrics,STF2607,Morning,Routine Use,494,LOT41689
TXN000157,30-08-2025,INV00024,3,Pediatrics,STF2236,Night,Routine Use,344,LOT56786
TXN000158,23-08-2025,INV00019,5,General,STF8408,Night,Routine Use,416,LOT57669
TXN000159,04-08-2025,INV00113,5,General,STF8842,Morning,Emergency Use,216,LOT14196
TXN000160,24-08-2025,INV00277,8,ICU,STF2954,Afternoon,Emergency Use,432,LOT50899
TXN000161,17-08-2025,INV00235,18,General,STF1578,Night,Emergency Use,472,LOT23814
TXN000162,18-08-2025,INV00033,20,Pediatrics,STF4850,Morning,Emergency Use,251,LOT43598
TXN000163,20-08-2025,INV00305,20,ER,STF5426,Night,Emergency Use,419,LOT71766
TXN000164,05-08-2025,INV00146,8,Pediatrics,STF5478,Morning,Routine Use,368,LOT77637
TXN000165,09-08-2025,INV00322,19,General,STF1408,Night,Routine Use,326,LOT49160
TXN000166,19-08-2025,INV00343,7,ER,STF5015,Afternoon,Routine Use,90,LOT54666
TXN000167,26-08-2025,INV00342,20,ER,STF5749,Morning,Routine Use,496,LOT42071
TXN000168,08-08-2025,INV00254,1,ER,STF4685,Night,Routine Use,125,LOT83059
TXN000169,07-08-2025,INV00186,16,General,STF4806,Afternoon,Routine Use,263,LOT29775
TXN000170,31-08-2025,INV00136,13,ER,STF5510,Morning,Emergency Use,75,LOT68177
TXN000171,13-08-2025,INV00108,15,ER,STF7499,Morning,Emergency Use,304,LOT13081
TXN000172,07-08-2025,INV00432,15,ER,STF2509,Morning,Routine Use,70,LOT58196
TXN000173,15-08-2025,INV00409,6,General,STF5329,Afternoon,Routine Use,199,LOT56316
TXN000174,21-08-2025,INV00218,7,Pediatrics,STF7182,Morning,Routine Use,477,LOT21243
TXN000175,26-08-2025,INV00229,20,General,STF5291,Night,Routine Use,405,LOT50331
TXN000176,29-08-2025,INV00294,15,ER,STF8009,Afternoon,Emergency Use,321,LOT16286
TXN000177,13-08-2025,INV00345,2,ICU,STF5331,Afternoon,Emergency Use,395,LOT87443
TXN000178,02-08-2025,INV00240,7,Surgery,STF8555,Afternoon,Routine Use,112,LOT53438
TXN000179,18-08-2025,INV00299,17,Pediatrics,STF4044,Afternoon,Routine Use,396,LOT49421
TXN000180,19-08-2025,INV00250,16,Surgery,STF9811,Morning,Routine Use,465,LOT94200
TXN000181,03-08-2025,INV00022,19,ICU,STF5341,Morning,Emergency Use,101,LOT37317
TXN000182,23-08-2025,INV00104,1,ER,STF9892,Afternoon,Routine Use,381,LOT82461
TXN000183,24-08-2025,INV00010,14,Surgery,STF6958,Afternoon,Emergency Use,252,LOT76504
TXN000184,23-08-2025,INV00074,14,ICU,STF1936,Morning,Routine Use,190,LOT96556
TXN000185,31-08-2025,INV00349,14,ER,STF8825,Afternoon,Routine Use,467,LOT85274
TXN000186,22-08-2025,INV00488,5,Pediatrics,STF4605,Afternoon,Emergency Use,80,LOT49794
TXN000187,22-08-2025,INV00494,18,ICU,STF3521,Night,Routine Use,188,LOT54342
TXN000188,07-08-2025,INV00077,4,General,STF2592,Morning,Emergency Use,295,LOT12066
TXN000189,25-08-2025,INV00384,8,General,STF9921,Afternoon,Routine Use,241,LOT30919
TXN000190,04-08-2025,INV00134,18,Pediatrics,STF3020,Afternoon,Routine Use,128,LOT64993
TXN000191,31-08-2025,INV00352,17,ER,STF9433,Morning,Routine Use,418,LOT17805
TXN000192,14-08-2025,INV00423,20,Pediatrics,STF1244,Night,Emergency Use,352,LOT85256
TXN000193,04-08-2025,INV00136,19,ICU,STF5513,Night,Emergency Use,221,LOT93619
TXN000194,16-08-2025,INV00256,17,Pediatrics,STF4556,Morning,Emergency Use,147,LOT52565
TXN000195,27-08-2025,INV00075,12,Surgery,STF3617,Afternoon,Emergency Use,206,LOT70296
TXN000196,18-08-2025,INV00003,16,ICU,STF6495,Night,Routine Use,273,LOT30862
TXN000197,08-08-2025,INV00242,11,ER,STF3786,Afternoon,Emergency Use,191,LOT11537
TXN000198,16-08-2025,INV00327,8,ER,STF3194,Night,Routine Use,487,LOT30230
TXN000199,11-08-2025,INV00246,16,General,STF6644,Night,Emergency Use,209,LOT36898
TXN000200,12-08-2025,INV00094,6,General,STF8619,Morning,Routine Use,215,LOT66514
TXN000201,08-08-2025,INV00096,4,General,STF2625,Morning,Routine Use,355,LOT75054
TXN000202,22-08-2025,INV00028,3,ER,STF7876,Morning,Routine Use,85,LOT33832
TXN000203,31-08-2025,INV00208,18,Surgery,STF2640,Morning,Routine Use,226,LOT62370
TXN000204,10-08-2025,INV00369,7,ICU,STF8138,Morning,Routine Use,466,LOT60557
TXN000205,02-08-2025,INV00386,16,ER,STF9819,Morning,Emergency Use,272,LOT34597
TXN000206,31-08-2025,INV00241,11,ER,STF2872,Night,Emergency Use,321,LOT12157
TXN000207,15-08-2025,INV00418,9,ICU,STF3600,Night,Emergency Use,420,LOT84517
TXN000208,30-08-2025,INV00322,9,Surgery,STF8712,Morning,Routine Use,74,LOT30635
TXN000209,21-08-2025,INV00441,5,General,STF8362,Night,Emergency Use,59,LOT50713
TXN000210,28-08-2025,INV00384,17,Pediatrics,STF5538,Afternoon,Emergency Use,58,LOT77587
TXN000211,31-08-2025,INV00016,16,ER,STF6525,Night,Emergency Use,305,LOT50697
TXN000212,07-08-2025,INV00310,2,ICU,STF9912,Afternoon,Routine Use,498,LOT20477
TXN000213,21-08-2025,INV00138,6,General,STF2671,Morning,Emergency Use,232,LOT40162
TXN000214,02-08-2025,INV00266,7,Pediatrics,STF9540,Afternoon,Emergency Use,458,LOT77727
TXN000215,15-08-2025,INV00383,20,General,STF7458,Afternoon,Emergency Use,156,LOT20230
TXN000216,10-08-2025,INV00095,13,ER,STF2752,Night,Emergency Use,208,LOT56626
TXN000217,16-08-2025,INV00088,1,Pediatrics,STF5418,Morning,Emergency Use,363,LOT28717
TXN000218,22-08-2025,INV00109,4,ER,STF3621,Morning,Routine Use,68,LOT84784
TXN000219,18-08-2025,INV00463,11,General,STF5825,Afternoon,Emergency Use,118,LOT83894
TXN000220,23-08-2025,INV00308,6,ICU,STF2565,Afternoon,Routine Use,140,LOT53540
TXN000221,08-08-2025,INV00484,3,Pediatrics,STF3679,Morning,Emergency Use,59,LOT76531
TXN000222,03-08-2025,INV00083,18,ER,STF8850,Afternoon,Emergency Use,221,LOT21866
TXN000223,18-08-2025,INV00410,12,General,STF4126,Night,Emergency Use,150,LOT38163
TXN000224,03-08-2025,INV00179,6,ER,STF6621,Morning,Routine Use,444,LOT17211
TXN000225,27-08-2025,INV00249,5,General,STF5859,Afternoon,Emergency Use,392,LOT78995
TXN000226,15-08-2025,INV00365,7,Surgery,STF5980,Afternoon,Emergency Use,269,LOT74568
TXN000227,08-08-2025,INV00182,7,Pediatrics,STF6444,Morning,Routine Use,313,LOT93006
TXN000228,08-08-2025,INV00119,18,General,STF4754,Morning,Emergency Use,334,LOT26166
TXN000229,11-08-2025,INV00242,1,ER,STF8380,Morning,Emergency Use,388,LOT78091
TXN000230,26-08-2025,INV00245,15,General,STF7282,Night,Emergency Use,182,LOT91578
TXN000231,15-08-2025,INV00214,8,ICU,STF5377,Morning,Emergency Use,441,LOT43106
TXN000232,23-08-2025,INV00499,17,General,STF2801,Morning,Emergency Use,37,LOT56858
TXN000233,21-08-2025,INV00353,8,General,STF7015,Morning,Emergency Use,128,LOT49329
TXN000234,23-08-2025,INV00344,1,General,STF4348,Morning,Emergency Use,162,LOT20302
TXN000235,29-08-2025,INV00234,15,Pediatrics,STF1485,Morning,Routine Use,171,LOT66844
TXN000236,30-08-2025,INV00488,14,Surgery,STF1474,Afternoon,Routine Use,364,LOT34911
TXN000237,17-08-2025,INV00337,20,Surgery,STF8806,Night,Routine Use,385,LOT15430
TXN000238,02-08-2025,INV00477,15,ER,STF7711,Afternoon,Emergency Use,413,LOT20055
TXN000239,23-08-2025,INV00183,15,Pediatrics,STF1717,Night,Routine Use,378,LOT48193
TXN000240,25-08-2025,INV00051,16,ER,STF5242,Morning,Routine Use,9,LOT26925
TXN000241,30-08-2025,INV00095,8,ICU,STF5809,Morning,Routine Use,82,LOT34194
TXN000242,13-08-2025,INV00392,18,Surgery,STF6566,Night,Emergency Use,462,LOT15485
TXN000243,18-08-2025,INV00143,11,General,STF7874,Morning,Routine Use,341,LOT33814
TXN000244,02-08-2025,INV00141,2,Surgery,STF5536,Afternoon,Routine Use,440,LOT48827
TXN000245,26-08-2025,INV00159,2,ER,STF9655,Afternoon,Routine Use,432,LOT74291
TXN000246,24-08-2025,INV00317,14,Surgery,STF1839,Night,Routine Use,95,LOT47097
TXN000247,26-08-2025,INV00295,6,General,STF9254,Afternoon,Routine Use,203,LOT64961
TXN000248,07-08-2025,INV00105,8,ICU,STF8839,Afternoon,Routine Use,45,LOT63697
TXN000249,11-08-2025,INV00113,19,ER,STF5807,Night,Routine Use,389,LOT45968
TXN000250,01-08-2025,INV00318,4,ER,STF5542,Afternoon,Emergency Use,52,LOT16844
TXN000251,28-08-2025,INV00006,11,General,STF4310,Afternoon,Routine Use,353,LOT92113
TXN000252,19-08-2025,INV00007,17,Pediatrics,STF2948,Morning,Emergency Use,109,LOT42704
TXN000253,28-08-2025,INV00168,18,ICU,STF1455,Afternoon,Emergency Use,493,LOT66986
TXN000254,26-08-2025,INV00399,20,Pediatrics,STF1165,Night,Emergency Use,11,LOT74280
TXN000255,25-08-2025,INV00244,6,Pediatrics,STF8700,Night,Routine Use,9,LOT38941
TXN000256,16-08-2025,INV00466,17,Pediatrics,STF6640,Morning,Emergency Use,325,LOT62208
TXN000257,20-08-2025,INV00120,10,ICU,STF2518,Night,Routine Use,26,LOT53164
TXN000258,11-08-2025,INV00018,14,General,STF2197,Morning,Routine Use,236,LOT85065
TXN000259,01-08-2025,INV00333,18,ER,STF1738,Night,Emergency Use,271,LOT54402
TXN000260,14-08-2025,INV00326,12,Pediatrics,STF5701,Morning,Emergency Use,383,LOT39029
TXN000261,05-08-2025,INV00433,7,General,STF4053,Morning,Routine Use,296,LOT51736
TXN000262,24-08-2025,INV00181,13,Pediatrics,STF1936,Morning,Routine Use,340,LOT17055
TXN000263,28-08-2025,INV00164,16,General,STF1801,Morning,Emergency Use,338,LOT86415
TXN000264,18-08-2025,INV00227,8,ICU,STF3196,Afternoon,Emergency Use,313,LOT51085
TXN000265,08-08-2025,INV00273,2,ICU,STF6257,Morning,Routine Use,472,LOT10077
TXN000266,09-08-2025,INV00274,6,Surgery,STF8133,Afternoon,Routine Use,120,LOT31524
TXN000267,23-08-2025,INV00173,19,Pediatrics,STF6313,Night,Routine Use,450,LOT98021
TXN000268,17-08-2025,INV00213,6,ER,STF2309,Afternoon,Emergency Use,301,LOT48051
TXN000269,02-08-2025,INV00094,2,ER,STF7765,Night,Routine Use,69,LOT48746
TXN000270,15-08-2025,INV00089,15,ER,STF7498,Night,Routine Use,168,LOT40531
TXN000271,11-08-2025,INV00309,8,General,STF4935,Afternoon,Emergency Use,231,LOT44697
TXN000272,08-08-2025,INV00178,16,ICU,STF8485,Night,Emergency Use,198,LOT97929
TXN000273,07-08-2025,INV00232,7,ER,STF3487,Night,Emergency Use,120,LOT54442
TXN000274,29-08-2025,INV00171,19,Surgery,STF9797,Afternoon,Routine Use,302,LOT33735
TXN000275,09-08-2025,INV00205,5,ER,STF5684,Afternoon,Emergency Use,100,LOT79420
TXN000276,01-08-2025,INV00447,1,ICU,STF4269,Afternoon,Emergency Use,253,LOT12244
TXN000277,25-08-2025,INV00285,8,Surgery,STF4247,Morning,Emergency Use,313,LOT36353
TXN000278,25-08-2025,INV00446,14,Pediatrics,STF7395,Morning,Emergency Use,162,LOT20160
TXN000279,13-08-2025,INV00351,4,Surgery,STF4281,Afternoon,Emergency Use,335,LOT43085
TXN000280,15-08-2025,INV00091,19,Pediatrics,STF1081,Morning,Routine Use,462,LOT42364
TXN000281,13-08-2025,INV00193,2,General,STF4982,Afternoon,Emergency Use,66,LOT58154
TXN000282,08-08-2025,INV00423,18,ICU,STF6124,Night,Emergency Use,394,LOT44581
TXN000283,18-08-2025,INV00133,1,ER,STF7657,Afternoon,Routine Use,339,LOT14846
TXN000284,13-08-2025,INV00067,6,ICU,STF9127,Afternoon,Emergency Use,44,LOT94973
TXN000285,06-08-2025,INV00247,16,ER,STF5773,Morning,Routine Use,349,LOT50276
TXN000286,13-08-2025,INV00427,10,Surgery,STF5849,Night,Routine Use,337,LOT80130
TXN000287,28-08-2025,INV00474,7,Surgery,STF4170,Afternoon,Emergency Use,476,LOT14162
TXN000288,20-08-2025,INV00163,12,Surgery,STF4123,Night,Emergency Use,267,LOT78814
TXN000289,30-08-2025,INV00382,6,General,STF7959,Morning,Emergency Use,142,LOT19491
TXN000290,25-08-2025,INV00116,17,ICU,STF1147,Morning,Routine Use,310,LOT83392
TXN000291,04-08-2025,INV00382,18,Pediatrics,STF7041,Night,Emergency Use,234,LOT65457
TXN000292,15-08-2025,INV00279,4,General,STF2675,Morning,Routine Use,92,LOT93746
TXN000293,26-08-2025,INV00131,19,ER,STF4004,Afternoon,Emergency Use,13,LOT70212
TXN000294,07-08-2025,INV00018,20,Surgery,STF7992,Afternoon,Routine Use,373,LOT35133
TXN000295,29-08-2025,INV00131,6,Surgery,STF5816,Night,Emergency Use,1,LOT88851
TXN000296,23-08-2025,INV00301,17,ER,STF8548,Night,Emergency Use,250,LOT60495
TXN000297,07-08-2025,INV00089,20,ER,STF8194,Afternoon,Routine Use,164,LOT54186
TXN000298,18-08-2025,INV00101,16,General,STF3073,Afternoon,Routine Use,335,LOT17843
TXN000299,10-08-2025,INV00311,12,Pediatrics,STF5238,Afternoon,Emergency Use,320,LOT80170
TXN000300,28-08-2025,INV00192,16,General,STF9680,Night,Routine Use,485,LOT83526
TXN000301,15-08-2025,INV00450,17,Surgery,STF3397,Afternoon,Emergency Use,217,LOT68927
TXN000302,03-08-2025,INV00358,8,ICU,STF9971,Morning,Emergency Use,210,LOT78708
TXN000303,03-08-2025,INV00153,2,General,STF8625,Night,Routine Use,461,LOT45945
TXN000304,24-08-2025,INV00408,12,ICU,STF5898,Morning,Routine Use,189,LOT32624
TXN000305,25-08-2025,INV00369,10,ER,STF5251,Night,Emergency Use,96,LOT85943
TXN000306,25-08-2025,INV00296,11,ER,STF4368,Morning,Routine Use,17,LOT39910
TXN000307,06-08-2025,INV00100,19,Pediatrics,STF5954,Night,Emergency Use,281,LOT99187
TXN000308,24-08-2025,INV00081,16,ICU,STF5625,Morning,Emergency Use,183,LOT61175
TXN000309,13-08-2025,INV00234,15,Pediatrics,STF4126,Morning,Routine Use,120,LOT56931
TXN000310,23-08-2025,INV00349,6,Pediatrics,STF6638,Morning,Emergency Use,73,LOT27093
TXN000311,28-08-2025,INV00296,14,Pediatrics,STF2794,Afternoon,Emergency Use,216,LOT71444
TXN000312,26-08-2025,INV00300,19,ICU,STF4691,Night,Routine Use,275,LOT42840
TXN000313,19-08-2025,INV00396,12,Surgery,STF7950,Morning,Emergency Use,371,LOT63328
TXN000314,06-08-2025,INV00469,13,ICU,STF2650,Night,Emergency Use,24,LOT23584
TXN000315,18-08-2025,INV00029,15,General,STF6634,Morning,Routine Use,140,LOT87448
TXN000316,18-08-2025,INV00450,1,Pediatrics,STF2502,Morning,Emergency Use,313,LOT53779
TXN000317,24-08-2025,INV00378,14,Surgery,STF6575,Afternoon,Emergency Use,296,LOT78577
TXN000318,28-08-2025,INV00376,4,Surgery,STF4818,Afternoon,Emergency Use,301,LOT11448
TXN000319,06-08-2025,INV00056,17,General,STF1436,Morning,Emergency Use,421,LOT43934
TXN000320,16-08-2025,INV00174,19,Pediatrics,STF5331,Night,Routine Use,327,LOT85532
TXN000321,27-08-2025,INV00384,18,ER,STF3647,Afternoon,Emergency Use,1,LOT86187
TXN000322,10-08-2025,INV00365,6,Surgery,STF1435,Afternoon,Routine Use,459,LOT40017
TXN000323,31-08-2025,INV00435,11,Surgery,STF3965,Morning,Routine Use,432,LOT48396
TXN000324,12-08-2025,INV00136,6,General,STF9950,Afternoon,Routine Use,330,LOT63563
TXN000325,28-08-2025,INV00491,17,ICU,STF1428,Afternoon,Routine Use,359,LOT61757
TXN000326,28-08-2025,INV00123,2,ICU,STF8917,Night,Routine Use,20,LOT40676
TXN000327,17-08-2025,INV00168,4,General,STF7172,Afternoon,Emergency Use,297,LOT46915
TXN000328,26-08-2025,INV00004,13,ICU,STF1796,Morning,Emergency Use,200,LOT42793
TXN000329,20-08-2025,INV00252,6,ICU,STF1669,Morning,Emergency Use,172,LOT51611
TXN000330,22-08-2025,INV00087,19,ER,STF7385,Afternoon,Routine Use,398,LOT78822
TXN000331,10-08-2025,INV00113,14,ICU,STF1593,Night,Emergency Use,41,LOT59128
TXN000332,15-08-2025,INV00431,17,ER,STF5134,Morning,Routine Use,21,LOT70102
TXN000333,02-08-2025,INV00115,16,Surgery,STF8337,Morning,Routine Use,134,LOT20536
TXN000334,16-08-2025,INV00422,11,ICU,STF4042,Morning,Routine Use,145,LOT30817
TXN000335,23-08-2025,INV00231,12,ICU,STF5265,Night,Emergency Use,106,LOT74058
TXN000336,26-08-2025,INV00048,12,Pediatrics,STF6509,Afternoon,Routine Use,497,LOT47105
TXN000337,09-08-2025,INV00087,1,Surgery,STF3409,Morning,Emergency Use,442,LOT74462
TXN000338,13-08-2025,INV00110,3,General,STF7319,Night,Emergency Use,186,LOT45050
TXN000339,01-08-2025,INV00353,8,Pediatrics,STF1515,Afternoon,Emergency Use,243,LOT91599
TXN000340,09-08-2025,INV00349,8,ER,STF4806,Morning,Emergency Use,32,LOT91102
TXN000341,03-08-2025,INV00470,1,General,STF6756,Morning,Routine Use,53,LOT54667
TXN000342,27-08-2025,INV00211,9,Surgery,STF1030,Afternoon,Routine Use,5,LOT96792
TXN000343,15-08-2025,INV00307,1,ER,STF6857,Afternoon,Emergency Use,189,LOT59299
TXN000344,23-08-2025,INV00093,10,ER,STF2581,Morning,Routine Use,75,LOT61507
TXN000345,15-08-2025,INV00247,19,ICU,STF3576,Afternoon,Routine Use,416,LOT54401
TXN000346,25-08-2025,INV00492,10,ICU,STF3470,Afternoon,Emergency Use,186,LOT73081
TXN000347,15-08-2025,INV00007,15,Pediatrics,STF1306,Afternoon,Emergency Use,202,LOT23302
TXN000348,10-08-2025,INV00293,4,General,STF6857,Night,Routine Use,474,LOT78865
TXN000349,16-08-2025,INV00153,8,ICU,STF4958,Night,Routine Use,368,LOT46641
TXN000350,01-08-2025,INV00469,9,General,STF3280,Morning,Routine Use,422,LOT72786
TXN000351,04-08-2025,INV00099,15,ER,STF4397,Night,Routine Use,254,LOT39014
TXN000352,07-08-2025,INV00057,13,Surgery,STF2367,Afternoon,Emergency Use,194,LOT66959
TXN000353,20-08-2025,INV00455,15,Pediatrics,STF3516,Night,Routine Use,254,LOT83998
TXN000354,01-08-2025,INV00421,19,Surgery,STF6791,Afternoon,Routine Use,304,LOT93708
TXN000355,13-08-2025,INV00154,1,Pediatrics,STF6665,Afternoon,Routine Use,444,LOT19392
TXN000356,13-08-2025,INV00398,7,Surgery,STF3823,Morning,Routine Use,386,LOT80692
TXN000357,04-08-2025,INV00407,6,Surgery,STF2161,Night,Routine Use,333,LOT84645
TXN000358,20-08-2025,INV00005,3,ER,STF3038,Morning,Emergency Use,497,LOT23252
TXN000359,13-08-2025,INV00022,14,General,STF7401,Morning,Emergency Use,181,LOT68781
TXN000360,07-08-2025,INV00496,6,Pediatrics,STF1281,Morning,Routine Use,369,LOT84889
TXN000361,07-08-2025,INV00369,11,General,STF2460,Afternoon,Emergency Use,420,LOT42310
TXN000362,02-08-2025,INV00114,17,ICU,STF8409,Morning,Emergency Use,442,LOT34325
TXN000363,05-08-2025,INV00349,6,Pediatrics,STF6923,Night,Routine Use,430,LOT28186
TXN000364,24-08-2025,INV00296,16,General,STF5542,Afternoon,Emergency Use,268,LOT77324
TXN000365,21-08-2025,INV00112,20,Pediatrics,STF7550,Morning,Emergency Use,392,LOT16426
TXN000366,01-08-2025,INV00431,4,ICU,STF2039,Night,Emergency Use,272,LOT19469
TXN000367,12-08-2025,INV00134,10,General,STF8452,Morning,Routine Use,168,LOT95782
TXN000368,05-08-2025,INV00071,16,General,STF3972,Night,Emergency Use,113,LOT38575
TXN000369,27-08-2025,INV00204,2,Pediatrics,STF2920,Night,Routine Use,482,LOT81885
TXN000370,29-08-2025,INV00107,8,Pediatrics,STF6691,Night,Routine Use,99,LOT80323
TXN000371,13-08-2025,INV00114,12,Pediatrics,STF6415,Afternoon,Emergency Use,34,LOT96788
TXN000372,27-08-2025,INV00156,16,Pediatrics,STF5254,Morning,Routine Use,111,LOT37921
TXN000373,29-08-2025,INV00409,10,Surgery,STF7209,Night,Emergency Use,330,LOT43407
TXN000374,10-08-2025,INV00058,6,ER,STF1344,Afternoon,Emergency Use,108,LOT74924
TXN000375,03-08-2025,INV00248,8,General,STF6648,Morning,Emergency Use,338,LOT22261
TXN000376,25-08-2025,INV00007,14,Pediatrics,STF8770,Afternoon,Emergency Use,488,LOT74994
TXN000377,01-08-2025,INV00262,13,ER,STF5555,Afternoon,Emergency Use,148,LOT94895
TXN000378,23-08-2025,INV00145,5,General,STF1130,Afternoon,Emergency Use,195,LOT96055
TXN000379,22-08-2025,INV00044,5,ICU,STF1178,Night,Routine Use,296,LOT77256
TXN000380,26-08-2025,INV00471,18,Pediatrics,STF3678,Afternoon,Routine Use,105,LOT81054
TXN000381,19-08-2025,INV00114,8,ICU,STF9080,Night,Routine Use,377,LOT48801
TXN000382,14-08-2025,INV00316,6,Pediatrics,STF1308,Night,Emergency Use,69,LOT32575
TXN000383,20-08-2025,INV00385,15,Pediatrics,STF3614,Afternoon,Routine Use,54,LOT67936
TXN000384,17-08-2025,INV00442,18,General,STF1000,Night,Routine Use,389,LOT98073
TXN000385,12-08-2025,INV00207,6,General,STF3039,Afternoon,Emergency Use,88,LOT18954
TXN000386,01-08-2025,INV00077,7,Pediatrics,STF9815,Afternoon,Routine Use,377,LOT54482
TXN000387,25-08-2025,INV00249,10,Pediatrics,STF1363,Night,Emergency Use,376,LOT22300
TXN000388,14-08-2025,INV00290,13,General,STF6386,Morning,Routine Use,441,LOT53423
TXN000389,17-08-2025,INV00053,16,Surgery,STF8535,Night,Routine Use,149,LOT58932
TXN000390,12-08-2025,INV00373,18,ER,STF9623,Night,Routine Use,253,LOT30044
TXN000391,09-08-2025,INV00381,3,Pediatrics,STF4786,Afternoon,Emergency Use,331,LOT16113
TXN000392,02-08-2025,INV00088,7,ER,STF9159,Afternoon,Emergency Use,254,LOT59031
TXN000393,16-08-2025,INV00387,9,General,STF8442,Night,Routine Use,223,LOT33981
TXN000394,08-08-2025,INV00155,10,ICU,STF8978,Night,Emergency Use,113,LOT97009
TXN000395,28-08-2025,INV00008,13,Pediatrics,STF1773,Night,Routine Use,322,LOT37185
TXN000396,05-08-2025,INV00007,11,Pediatrics,STF1655,Morning,Emergency Use,59,LOT79329
TXN000397,04-08-2025,INV00423,15,Surgery,STF3438,Night,Emergency Use,122,LOT41772
TXN000398,12-08-2025,INV00199,17,ICU,STF8136,Night,Emergency Use,68,LOT67298
TXN000399,12-08-2025,INV00077,12,ICU,STF4049,Night,Emergency Use,266,LOT97360
TXN000400,11-08-2025,INV00267,1,General,STF7342,Afternoon,Emergency Use,450,LOT11110
TXN000401,08-08-2025,INV00419,3,ER,STF2835,Night,Routine Use,200,LOT17433
TXN000402,08-08-2025,INV00158,20,ICU,STF4116,Afternoon,Routine Use,384,LOT91770
TXN000403,03-08-2025,INV00126,13,General,STF4708,Afternoon,Routine Use,275,LOT73496
TXN000404,06-08-2025,INV00305,20,General,STF5861,Afternoon,Emergency Use,203,LOT82417
TXN000405,17-08-2025,INV00239,5,Pediatrics,STF9003,Morning,Routine Use,444,LOT70039
TXN000406,23-08-2025,INV00334,13,Surgery,STF4478,Night,Routine Use,73,LOT24908
TXN000407,07-08-2025,INV00221,20,ER,STF9322,Morning,Routine Use,112,LOT63867
TXN000408,04-08-2025,INV00424,4,Surgery,STF7223,Morning,Routine Use,219,LOT67940
TXN000409,21-08-2025,INV00135,4,Surgery,STF1067,Afternoon,Emergency Use,187,LOT46618
TXN000410,15-08-2025,INV00110,14,Pediatrics,STF2096,Afternoon,Routine Use,261,LOT28174
TXN000411,11-08-2025,INV00060,6,General,STF1192,Afternoon,Emergency Use,366,LOT96746
TXN000412,03-08-2025,INV00183,12,General,STF1356,Morning,Routine Use,229,LOT74965
TXN000413,04-08-2025,INV00422,20,General,STF5923,Night,Routine Use,278,LOT54187
TXN000414,17-08-2025,INV00073,4,Pediatrics,STF7975,Night,Routine Use,53,LOT35442
TXN000415,18-08-2025,INV00319,19,ER,STF5250,Night,Emergency Use,114,LOT83133
TXN000416,06-08-2025,INV00077,13,Surgery,STF4692,Afternoon,Emergency Use,427,LOT51090
TXN000417,10-08-2025,INV00499,7,General,STF5387,Afternoon,Routine Use,235,LOT31683
TXN000418,18-08-2025,INV00056,4,Pediatrics,STF3433,Night,Routine Use,343,LOT23521
TXN000419,02-08-2025,INV00047,19,General,STF2826,Night,Routine Use,263,LOT24451
TXN000420,30-08-2025,INV00286,2,Surgery,STF8560,Night,Routine Use,480,LOT42085
TXN000421,17-08-2025,INV00226,1,Surgery,STF7916,Afternoon,Routine Use,106,LOT30254
TXN000422,10-08-2025,INV00097,16,Surgery,STF2740,Afternoon,Emergency Use,159,LOT90370
TXN000423,03-08-2025,INV00173,17,Pediatrics,STF9212,Morning,Routine Use,38,LOT67008
TXN000424,09-08-2025,INV00428,9,General,STF9853,Night,Emergency Use,30,LOT49653
TXN000425,22-08-2025,INV00243,20,ICU,STF9263,Afternoon,Emergency Use,399,LOT62583
TXN000426,30-08-2025,INV00286,20,ICU,STF4602,Morning,Emergency Use,190,LOT71778
TXN000427,20-08-2025,INV00156,20,General,STF1255,Morning,Emergency Use,187,LOT55182
TXN000428,12-08-2025,INV00308,8,Surgery,STF6565,Afternoon,Routine Use,238,LOT14915
TXN000429,01-08-2025,INV00180,1,Pediatrics,STF8049,Morning,Emergency Use,71,LOT82755
TXN000430,23-08-2025,INV00129,20,Pediatrics,STF3781,Night,Routine Use,179,LOT10986
TXN000431,17-08-2025,INV00202,17,ICU,STF6871,Morning,Routine Use,496,LOT67705
TXN000432,23-08-2025,INV00388,14,Pediatrics,STF1916,Night,Emergency Use,104,LOT60873
TXN000433,30-08-2025,INV00415,2,General,STF9963,Night,Emergency Use,199,LOT96466
TXN000434,30-08-2025,INV00055,18,ICU,STF1441,Afternoon,Emergency Use,495,LOT13975
TXN000435,01-08-2025,INV00095,9,Surgery,STF3733,Afternoon,Routine Use,63,LOT82547
TXN000436,11-08-2025,INV00077,9,ICU,STF3232,Night,Routine Use,442,LOT13152
TXN000437,03-08-2025,INV00084,8,Surgery,STF4713,Night,Emergency Use,104,LOT90587
TXN000438,24-08-2025,INV00074,3,ICU,STF4065,Night,Emergency Use,302,LOT47340
TXN000439,31-08-2025,INV00326,16,Surgery,STF5265,Morning,Emergency Use,412,LOT47666
TXN000440,28-08-2025,INV00088,1,ICU,STF8042,Night,Routine Use,413,LOT54959
TXN000441,25-08-2025,INV00442,6,General,STF8214,Afternoon,Routine Use,329,LOT44132
TXN000442,16-08-2025,INV00288,11,ER,STF3767,Night,Routine Use,162,LOT11524
TXN000443,17-08-2025,INV00121,8,General,STF3961,Morning,Emergency Use,344,LOT63330
TXN000444,11-08-2025,INV00197,4,General,STF7154,Morning,Routine Use,391,LOT24219
TXN000445,04-08-2025,INV00336,9,General,STF1885,Night,Routine Use,194,LOT89442
TXN000446,24-08-2025,INV00222,16,ER,STF2315,Night,Routine Use,135,LOT25057
TXN000447,02-08-2025,INV00257,7,Surgery,STF5777,Morning,Emergency Use,469,LOT54903
TXN000448,14-08-2025,INV00169,9,ER,STF2706,Afternoon,Emergency Use,104,LOT38768
TXN000449,10-08-2025,INV00337,6,Pediatrics,STF5451,Afternoon,Routine Use,54,LOT96675
TXN000450,10-08-2025,INV00165,20,Surgery,STF4372,Morning,Emergency Use,105,LOT13796
TXN000451,08-08-2025,INV00273,10,General,STF8630,Morning,Emergency Use,495,LOT99069
TXN000452,02-08-2025,INV00232,12,ICU,STF1453,Morning,Routine Use,330,LOT36190
TXN000453,07-08-2025,INV00302,13,Surgery,STF3021,Morning,Emergency Use,474,LOT67020
TXN000454,24-08-2025,INV00227,6,Pediatrics,STF7989,Night,Routine Use,376,LOT40022
TXN000455,19-08-2025,INV00415,15,General,STF6744,Afternoon,Routine Use,17,LOT83816
TXN000456,07-08-2025,INV00427,15,Pediatrics,STF2521,Afternoon,Emergency Use,222,LOT78720
TXN000457,12-08-2025,INV00104,20,ICU,STF9621,Night,Emergency Use,248,LOT80175
TXN000458,11-08-2025,INV00159,16,Pediatrics,STF9356,Morning,Emergency Use,219,LOT26765
TXN000459,22-08-2025,INV00401,3,Pediatrics,STF1299,Afternoon,Routine Use,245,LOT35470
TXN000460,30-08-2025,INV00085,4,Surgery,STF8369,Night,Routine Use,476,LOT68082
TXN000461,25-08-2025,INV00378,3,Surgery,STF9033,Afternoon,Emergency Use,332,LOT80745
TXN000462,27-08-2025,INV00175,3,ICU,STF1634,Night,Emergency Use,128,LOT95703
TXN000463,13-08-2025,INV00114,17,General,STF8968,Afternoon,Emergency Use,436,LOT86305
TXN000464,10-08-2025,INV00446,16,General,STF7862,Night,Emergency Use,399,LOT20199
TXN000465,22-08-2025,INV00153,8,Pediatrics,STF8630,Night,Routine Use,12,LOT94676
TXN000466,29-08-2025,INV00367,15,General,STF8754,Afternoon,Emergency Use,386,LOT10879
TXN000467,31-08-2025,INV00459,9,Surgery,STF9876,Night,Emergency Use,489,LOT80639
TXN000468,27-08-2025,INV00209,6,General,STF9677,Night,Emergency Use,298,LOT32692
TXN000469,23-08-2025,INV00469,7,General,STF7594,Afternoon,Emergency Use,415,LOT75338
TXN000470,27-08-2025,INV00238,9,ER,STF9650,Night,Emergency Use,431,LOT19640
TXN000471,22-08-2025,INV00294,14,Pediatrics,STF7751,Night,Emergency Use,398,LOT53702
TXN000472,02-08-2025,INV00063,15,Pediatrics,STF3621,Afternoon,Emergency Use,227,LOT99338
TXN000473,04-08-2025,INV00108,3,Surgery,STF7473,Afternoon,Emergency Use,171,LOT88939
TXN000474,26-08-2025,INV00305,9,General,STF4435,Afternoon,Emergency Use,205,LOT32910
TXN000475,05-08-2025,INV00276,9,General,STF3531,Night,Emergency Use,121,LOT46917
TXN000476,21-08-2025,INV00436,5,Pediatrics,STF5627,Night,Routine Use,77,LOT60187
TXN000477,19-08-2025,INV00432,6,ICU,STF9606,Afternoon,Emergency Use,312,LOT49362
TXN000478,31-08-2025,INV00236,18,General,STF5589,Morning,Emergency Use,398,LOT10749
TXN000479,18-08-2025,INV00498,17,Pediatrics,STF8245,Morning,Emergency Use,348,LOT26249
TXN000480,30-08-2025,INV00043,18,ER,STF2184,Morning,Routine Use,463,LOT45881
TXN000481,15-08-2025,INV00381,19,ICU,STF4001,Morning,Emergency Use,363,LOT45021
TXN000482,09-08-2025,INV00479,20,Pediatrics,STF3079,Morning,Routine Use,291,LOT15457
TXN000483,16-08-2025,INV00006,17,Pediatrics,STF9759,Afternoon,Routine Use,183,LOT65542
TXN000484,25-08-2025,INV00154,9,General,STF8612,Afternoon,Routine Use,82,LOT37296
TXN000485,01-08-2025,INV00482,6,ICU,STF2037,Afternoon,Routine Use,280,LOT75385
TXN000486,10-08-2025,INV00491,1,ER,STF3091,Morning,Routine Use,351,LOT49669
TXN000487,03-08-2025,INV00285,20,ER,STF8332,Afternoon,Routine Use,342,LOT17423
TXN000488,21-08-2025,INV00168,12,General,STF3222,Night,Emergency Use,348,LOT95817
TXN000489,05-08-2025,INV00223,19,ER,STF9891,Afternoon,Emergency Use,78,LOT26030
TXN000490,21-08-2025,INV00138,8,Pediatrics,STF1924,Morning,Routine Use,399,LOT25667
TXN000491,07-08-2025,INV00420,18,Surgery,STF3391,Afternoon,Routine Use,387,LOT34070
TXN000492,27-08-2025,INV00230,1,Surgery,STF2097,Morning,Emergency Use,329,LOT47275
TXN000493,31-08-2025,INV00130,10,Pediatrics,STF7247,Morning,Emergency Use,202,LOT34950
TXN000494,23-08-2025,INV00112,15,ICU,STF8018,Morning,Routine Use,115,LOT26404
TXN000495,02-08-2025,INV00319,18,Pediatrics,STF7919,Morning,Emergency Use,80,LOT93151
TXN000496,22-08-2025,INV00342,7,ICU,STF7006,Afternoon,Emergency Use,334,LOT12979
TXN000497,08-08-2025,INV00129,20,ER,STF4937,Night,Emergency Use,90,LOT72131
TXN000498,13-08-2025,INV00029,10,Pediatrics,STF2731,Afternoon,Emergency Use,382,LOT85753
TXN000499,29-08-2025,INV00380,14,Surgery,STF4902,Night,Routine Use,270,LOT99560
TXN000500,30-08-2025,INV00255,9,General,STF9136,Night,Emergency Use,374,LOT31296
TXN000501,31-08-2025,INV00330,10,ICU,STF9230,Morning,Emergency Use,427,LOT75638
TXN000502,03-08-2025,INV00093,15,General,STF3607,Afternoon,Routine Use,132,LOT30034
TXN000503,09-08-2025,INV00025,5,ICU,STF8878,Night,Emergency Use,374,LOT87389
TXN000504,07-08-2025,INV00417,8,Surgery,STF3499,Morning,Routine Use,291,LOT75362
TXN000505,25-08-2025,INV00177,13,General,STF8019,Morning,Emergency Use,451,LOT36383
TXN000506,20-08-2025,INV00157,18,ICU,STF3340,Night,Routine Use,398,LOT43495
TXN000507,25-08-2025,INV00404,10,Pediatrics,STF3337,Morning,Routine Use,201,LOT91171
TXN000508,17-08-2025,INV00209,5,ICU,STF7006,Afternoon,Routine Use,304,LOT98300
TXN000509,23-08-2025,INV00212,7,General,STF1054,Morning,Emergency Use,11,LOT12821
TXN000510,07-08-2025,INV00079,8,ER,STF7676,Afternoon,Emergency Use,442,LOT18254
TXN000511,20-08-2025,INV00132,6,ICU,STF7523,Night,Emergency Use,404,LOT50168
TXN000512,24-08-2025,INV00112,7,Pediatrics,STF6726,Morning,Routine Use,271,LOT90213
TXN000513,04-08-2025,INV00330,12,General,STF4518,Afternoon,Routine Use,93,LOT30117
TXN000514,01-08-2025,INV00478,9,Surgery,STF2461,Night,Routine Use,182,LOT85641
TXN000515,12-08-2025,INV00122,7,ER,STF1071,Afternoon,Emergency Use,289,LOT37842
TXN000516,14-08-2025,INV00466,20,General,STF1402,Morning,Routine Use,110,LOT90281
TXN000517,18-08-2025,INV00291,5,ER,STF1289,Morning,Emergency Use,250,LOT17274
TXN000518,30-08-2025,INV00372,13,ICU,STF6913,Afternoon,Emergency Use,294,LOT65860
TXN000519,29-08-2025,INV00394,12,Pediatrics,STF9502,Morning,Routine Use,212,LOT72825
TXN000520,09-08-2025,INV00298,10,Surgery,STF7658,Afternoon,Routine Use,175,LOT79134
TXN000521,30-08-2025,INV00015,7,ICU,STF2122,Night,Emergency Use,280,LOT61690
TXN000522,04-08-2025,INV00396,20,Pediatrics,STF7324,Afternoon,Routine Use,74,LOT81921
TXN000523,26-08-2025,INV00189,1,ER,STF5299,Night,Emergency Use,0,LOT46957
TXN000524,06-08-2025,INV00378,1,Pediatrics,STF5752,Afternoon,Routine Use,99,LOT11550
TXN000525,24-08-2025,INV00091,4,Pediatrics,STF6877,Morning,Emergency Use,333,LOT14430
TXN000526,20-08-2025,INV00384,15,Surgery,STF4291,Morning,Emergency Use,146,LOT16364
TXN000527,13-08-2025,INV00160,4,ICU,STF5068,Afternoon,Emergency Use,65,LOT36535
TXN000528,15-08-2025,INV00264,18,Pediatrics,STF2619,Afternoon,Routine Use,257,LOT62214
TXN000529,25-08-2025,INV00390,9,General,STF8075,Afternoon,Routine Use,178,LOT65532
TXN000530,16-08-2025,INV00392,17,General,STF8579,Night,Routine Use,120,LOT43329
TXN000531,24-08-2025,INV00275,19,Surgery,STF1869,Morning,Routine Use,369,LOT51415
TXN000532,30-08-2025,INV00129,11,Pediatrics,STF2007,Morning,Routine Use,421,LOT83182
TXN000533,21-08-2025,INV00161,7,ICU,STF4793,Morning,Emergency Use,107,LOT55027
TXN000534,13-08-2025,INV00259,11,ER,STF3038,Night,Routine Use,218,LOT98851
TXN000535,28-08-2025,INV00173,10,Surgery,STF1911,Morning,Routine Use,390,LOT92956
TXN000536,08-08-2025,INV00194,13,ICU,STF1912,Night,Routine Use,189,LOT15551
TXN000537,30-08-2025,INV00398,19,ER,STF7079,Night,Routine Use,482,LOT49534
TXN000538,05-08-2025,INV00324,2,Pediatrics,STF5947,Night,Emergency Use,481,LOT46581
TXN000539,04-08-2025,INV00306,18,Pediatrics,STF7163,Morning,Routine Use,218,LOT91174
TXN000540,29-08-2025,INV00402,2,Surgery,STF7200,Morning,Routine Use,83,LOT28338
TXN000541,17-08-2025,INV00266,19,ER,STF9573,Night,Routine Use,20,LOT73436
TXN000542,19-08-2025,INV00195,17,Pediatrics,STF2146,Night,Routine Use,492,LOT31554
TXN000543,22-08-2025,INV00015,17,General,STF9121,Afternoon,Routine Use,400,LOT13770
TXN000544,12-08-2025,INV00143,3,Pediatrics,STF4464,Morning,Emergency Use,237,LOT26043
TXN000545,14-08-2025,INV00090,18,General,STF9213,Afternoon,Emergency Use,365,LOT21475
TXN000546,07-08-2025,INV00031,14,General,STF6152,Night,Emergency Use,275,LOT96650
TXN000547,26-08-2025,INV00116,20,Surgery,STF6842,Night,Routine Use,206,LOT64786
TXN000548,26-08-2025,INV00371,12,Surgery,STF7635,Afternoon,Routine Use,287,LOT96577
TXN000549,20-08-2025,INV00429,5,Pediatrics,STF5800,Morning,Routine Use,18,LOT82869
TXN000550,06-08-2025,INV00326,8,Pediatrics,STF8574,Night,Routine Use,57,LOT98997
TXN000551,19-08-2025,INV00139,12,Pediatrics,STF7948,Night,Emergency Use,41,LOT22469
TXN000552,23-08-2025,INV00214,13,ER,STF6286,Night,Emergency Use,177,LOT16627
TXN000553,28-08-2025,INV00138,7,Pediatrics,STF3251,Night,Routine Use,150,LOT67789
TXN000554,09-08-2025,INV00104,1,ICU,STF6344,Night,Routine Use,29,LOT98962
TXN000555,10-08-2025,INV00030,18,General,STF9689,Night,Routine Use,410,LOT12139
TXN000556,03-08-2025,INV00472,5,Pediatrics,STF3813,Night,Emergency Use,73,LOT33388
TXN000557,14-08-2025,INV00327,12,ICU,STF7940,Night,Routine Use,274,LOT94844
TXN000558,27-08-2025,INV00385,17,ER,STF8114,Afternoon,Routine Use,10,LOT74239
TXN000559,08-08-2025,INV00333,9,General,STF8028,Night,Emergency Use,435,LOT78673
TXN000560,26-08-2025,INV00288,10,General,STF2561,Night,Emergency Use,121,LOT98170
TXN000561,03-08-2025,INV00354,18,ER,STF5831,Afternoon,Routine Use,207,LOT84248
TXN000562,27-08-2025,INV00233,4,ER,STF2483,Night,Emergency Use,30,LOT91902
TXN000563,22-08-2025,INV00118,2,Pediatrics,STF9518,Afternoon,Emergency Use,137,LOT79011
TXN000564,10-08-2025,INV00253,2,General,STF9798,Morning,Emergency Use,187,LOT93829
TXN000565,07-08-2025,INV00281,12,ICU,STF8033,Afternoon,Emergency Use,360,LOT29309
TXN000566,31-08-2025,INV00307,16,Surgery,STF4622,Night,Routine Use,281,LOT75387
TXN000567,26-08-2025,INV00253,16,ER,STF6244,Afternoon,Routine Use,225,LOT54082
TXN000568,28-08-2025,INV00177,12,Pediatrics,STF9692,Afternoon,Emergency Use,267,LOT82192
TXN000569,09-08-2025,INV00182,9,Surgery,STF4462,Afternoon,Emergency Use,228,LOT77457
TXN000570,27-08-2025,INV00171,15,Surgery,STF2123,Afternoon,Emergency Use,18,LOT87307
TXN000571,16-08-2025,INV00372,19,General,STF8805,Afternoon,Emergency Use,346,LOT58755
TXN000572,29-08-2025,INV00234,2,Pediatrics,STF9710,Afternoon,Routine Use,317,LOT47396
TXN000573,06-08-2025,INV00050,18,General,STF5286,Afternoon,Emergency Use,363,LOT38561
TXN000574,13-08-2025,INV00219,11,ICU,STF3908,Afternoon,Emergency Use,97,LOT47251
TXN000575,04-08-2025,INV00047,10,ER,STF8195,Morning,Emergency Use,395,LOT24964
TXN000576,18-08-2025,INV00418,16,Surgery,STF8176,Night,Emergency Use,122,LOT49357
TXN000577,02-08-2025,INV00390,9,Surgery,STF9667,Morning,Emergency Use,468,LOT58289
TXN000578,12-08-2025,INV00127,5,General,STF6576,Morning,Routine Use,217,LOT56230
TXN000579,09-08-2025,INV00168,5,ICU,STF9838,Afternoon,Routine Use,278,LOT56510
TXN000580,01-08-2025,INV00023,9,General,STF9744,Afternoon,Routine Use,238,LOT30040
TXN000581,26-08-2025,INV00358,10,ER,STF9039,Night,Emergency Use,327,LOT79189
TXN000582,07-08-2025,INV00335,13,Surgery,STF6415,Morning,Routine Use,106,LOT20223
TXN000583,18-08-2025,INV00397,13,ER,STF9568,Afternoon,Emergency Use,1,LOT64667
TXN000584,30-08-2025,INV00210,8,ICU,STF2362,Morning,Emergency Use,29,LOT20268
TXN000585,17-08-2025,INV00254,4,General,STF7594,Afternoon,Emergency Use,113,LOT19427
TXN000586,21-08-2025,INV00246,11,Surgery,STF4956,Night,Emergency Use,364,LOT97304
TXN000587,23-08-2025,INV00277,13,Surgery,STF9798,Night,Routine Use,412,LOT73746
TXN000588,24-08-2025,INV00048,4,Surgery,STF5436,Afternoon,Routine Use,132,LOT66556
TXN000589,06-08-2025,INV00258,19,Pediatrics,STF6476,Night,Emergency Use,309,LOT48906
TXN000590,17-08-2025,INV00327,13,General,STF9816,Afternoon,Emergency Use,230,LOT80690
TXN000591,30-08-2025,INV00387,4,ER,STF5320,Afternoon,Emergency Use,194,LOT15478
TXN000592,05-08-2025,INV00050,20,ER,STF8318,Afternoon,Routine Use,169,LOT33586
TXN000593,19-08-2025,INV00103,17,Pediatrics,STF4795,Afternoon,Emergency Use,305,LOT92926
TXN000594,30-08-2025,INV00442,15,ICU,STF9340,Morning,Emergency Use,403,LOT23563
TXN000595,06-08-2025,INV00344,15,ICU,STF5651,Morning,Emergency Use,334,LOT72707
TXN000596,17-08-2025,INV00030,15,Surgery,STF9756,Night,Routine Use,248,LOT81478
TXN000597,20-08-2025,INV00029,11,ICU,STF7136,Morning,Routine Use,65,LOT94897
TXN000598,09-08-2025,INV00032,1,General,STF5983,Afternoon,Emergency Use,29,LOT60389
TXN000599,18-08-2025,INV00280,12,Pediatrics,STF6705,Morning,Routine Use,338,LOT22830
TXN000600,20-08-2025,INV00402,19,ER,STF2514,Afternoon,Emergency Use,400,LOT77994
TXN000601,30-08-2025,INV00127,2,General,STF6360,Afternoon,Routine Use,464,LOT61411
TXN000602,18-08-2025,INV00241,20,Pediatrics,STF5339,Morning,Routine Use,108,LOT19619
TXN000603,19-08-2025,INV00388,16,Pediatrics,STF1101,Morning,Emergency Use,20,LOT32974
TXN000604,25-08-2025,INV00376,16,General,STF5408,Night,Routine Use,486,LOT98705
TXN000605,20-08-2025,INV00343,9,Surgery,STF8869,Morning,Routine Use,240,LOT37330
TXN000606,20-08-2025,INV00269,20,General,STF4515,Morning,Routine Use,145,LOT70779
TXN000607,10-08-2025,INV00218,16,ER,STF6352,Afternoon,Emergency Use,184,LOT20393
TXN000608,04-08-2025,INV00284,20,ICU,STF2424,Morning,Emergency Use,359,LOT95612
TXN000609,15-08-2025,INV00320,8,ICU,STF8259,Afternoon,Emergency Use,378,LOT34687
TXN000610,19-08-2025,INV00136,1,ER,STF5420,Night,Emergency Use,305,LOT11252
TXN000611,28-08-2025,INV00360,7,ICU,STF3105,Afternoon,Emergency Use,181,LOT46666
TXN000612,27-08-2025,INV00364,20,Surgery,STF7184,Night,Emergency Use,40,LOT17171
TXN000613,26-08-2025,INV00209,11,General,STF9518,Morning,Routine Use,365,LOT25447
TXN000614,21-08-2025,INV00338,19,Surgery,STF4359,Night,Emergency Use,333,LOT76804
TXN000615,18-08-2025,INV00193,16,ER,STF7493,Morning,Emergency Use,408,LOT18624
TXN000616,16-08-2025,INV00177,6,ICU,STF1284,Afternoon,Emergency Use,485,LOT27445
TXN000617,31-08-2025,INV00185,19,Pediatrics,STF9030,Morning,Emergency Use,412,LOT73476
TXN000618,24-08-2025,INV00193,10,ER,STF3413,Afternoon,Emergency Use,294,LOT49455
TXN000619,18-08-2025,INV00086,18,Pediatrics,STF3160,Morning,Routine Use,71,LOT26187
TXN000620,18-08-2025,INV00223,2,ER,STF4986,Afternoon,Routine Use,439,LOT30757
TXN000621,02-08-2025,INV00307,18,General,STF3252,Night,Routine Use,117,LOT86013
TXN000622,28-08-2025,INV00188,8,ER,STF7837,Night,Routine Use,350,LOT71862
TXN000623,26-08-2025,INV00498,8,Pediatrics,STF9374,Afternoon,Routine Use,496,LOT47992
TXN000624,28-08-2025,INV00341,7,Surgery,STF4435,Night,Emergency Use,291,LOT79288
TXN000625,02-08-2025,INV00312,1,ER,STF3227,Morning,Emergency Use,76,LOT90874
TXN000626,16-08-2025,INV00060,7,Surgery,STF3459,Night,Routine Use,136,LOT75474
TXN000627,22-08-2025,INV00290,1,General,STF8637,Morning,Emergency Use,175,LOT87608
TXN000628,19-08-2025,INV00490,1,General,STF8514,Night,Emergency Use,336,LOT25083
TXN000629,23-08-2025,INV00079,6,ICU,STF2990,Morning,Emergency Use,375,LOT87569
TXN000630,10-08-2025,INV00262,16,Surgery,STF2216,Morning,Emergency Use,490,LOT40580
TXN000631,20-08-2025,INV00413,12,ICU,STF3790,Morning,Emergency Use,150,LOT31449
TXN000632,22-08-2025,INV00139,2,Pediatrics,STF5173,Afternoon,Routine Use,64,LOT79297
TXN000633,17-08-2025,INV00479,16,ICU,STF2030,Night,Emergency Use,167,LOT81518
TXN000634,28-08-2025,INV00438,14,Pediatrics,STF9079,Night,Emergency Use,345,LOT16575
TXN000635,02-08-2025,INV00341,3,ICU,STF6615,Afternoon,Emergency Use,450,LOT28503
TXN000636,05-08-2025,INV00436,2,Pediatrics,STF1589,Afternoon,Emergency Use,369,LOT65305
TXN000637,31-08-2025,INV00484,3,Pediatrics,STF7884,Morning,Routine Use,119,LOT48327
TXN000638,15-08-2025,INV00116,8,Surgery,STF2535,Afternoon,Emergency Use,224,LOT79254
TXN000639,02-08-2025,INV00200,11,Surgery,STF3831,Afternoon,Emergency Use,458,LOT59150
TXN000640,05-08-2025,INV00078,2,General,STF9503,Night,Routine Use,196,LOT42375
TXN000641,22-08-2025,INV00359,1,General,STF2566,Morning,Emergency Use,240,LOT77675
TXN000642,07-08-2025,INV00102,13,General,STF9609,Night,Routine Use,37,LOT77766
TXN000643,04-08-2025,INV00157,14,ER,STF6069,Morning,Routine Use,51,LOT88873
TXN000644,21-08-2025,INV00225,6,General,STF3393,Night,Routine Use,216,LOT33236
TXN000645,06-08-2025,INV00251,5,ER,STF7476,Night,Routine Use,348,LOT21554
TXN000646,28-08-2025,INV00305,2,ICU,STF4997,Afternoon,Routine Use,153,LOT12479
TXN000647,03-08-2025,INV00117,7,General,STF4551,Night,Routine Use,377,LOT48667
TXN000648,22-08-2025,INV00248,2,ICU,STF8485,Afternoon,Emergency Use,142,LOT64553
TXN000649,14-08-2025,INV00388,2,General,STF9788,Afternoon,Routine Use,200,LOT44736
TXN000650,27-08-2025,INV00423,10,General,STF7379,Afternoon,Emergency Use,206,LOT25640
TXN000651,02-08-2025,INV00206,9,General,STF9331,Night,Emergency Use,391,LOT57916
TXN000652,04-08-2025,INV00202,4,ER,STF9021,Afternoon,Routine Use,165,LOT30743
TXN000653,20-08-2025,INV00424,14,General,STF7895,Morning,Emergency Use,489,LOT16812
TXN000654,10-08-2025,INV00258,17,General,STF5733,Night,Emergency Use,279,LOT21863
TXN000655,12-08-2025,INV00272,4,ER,STF8146,Night,Emergency Use,143,LOT32725
TXN000656,31-08-2025,INV00010,14,General,STF7921,Morning,Routine Use,176,LOT30716
TXN000657,18-08-2025,INV00106,17,ICU,STF1636,Night,Routine Use,372,LOT79269
TXN000658,29-08-2025,INV00162,18,ER,STF5651,Afternoon,Routine Use,216,LOT74242
TXN000659,15-08-2025,INV00222,8,General,STF4331,Afternoon,Routine Use,463,LOT31494
TXN000660,13-08-2025,INV00279,13,Surgery,STF5035,Night,Emergency Use,37,LOT37852
TXN000661,22-08-2025,INV00353,17,Pediatrics,STF4113,Morning,Routine Use,426,LOT54131
TXN000662,26-08-2025,INV00254,13,General,STF8897,Morning,Emergency Use,383,LOT94328
TXN000663,01-08-2025,INV00332,5,ER,STF2356,Afternoon,Routine Use,425,LOT75355
TXN000664,17-08-2025,INV00439,12,Surgery,STF3827,Night,Emergency Use,464,LOT86118
TXN000665,31-08-2025,INV00282,6,ER,STF9214,Morning,Routine Use,44,LOT33300
TXN000666,27-08-2025,INV00402,11,General,STF8534,Night,Routine Use,186,LOT41855
TXN000667,28-08-2025,INV00461,8,Surgery,STF3851,Afternoon,Emergency Use,282,LOT34685
TXN000668,07-08-2025,INV00195,11,Pediatrics,STF5525,Night,Emergency Use,47,LOT84377
TXN000669,04-08-2025,INV00044,6,Pediatrics,STF7889,Afternoon,Emergency Use,312,LOT82705
TXN000670,12-08-2025,INV00493,17,ICU,STF7785,Morning,Routine Use,63,LOT76211
TXN000671,09-08-2025,INV00148,7,ICU,STF8830,Night,Emergency Use,376,LOT54465
TXN000672,28-08-2025,INV00062,7,Pediatrics,STF8121,Night,Routine Use,291,LOT44372
TXN000673,21-08-2025,INV00394,15,Surgery,STF8111,Morning,Routine Use,245,LOT32728
TXN000674,13-08-2025,INV00265,3,Pediatrics,STF8985,Afternoon,Emergency Use,233,LOT27439
TXN000675,03-08-2025,INV00441,20,ER,STF4535,Afternoon,Emergency Use,91,LOT27187
TXN000676,08-08-2025,INV00135,10,General,STF8804,Night,Routine Use,432,LOT77498
TXN000677,05-08-2025,INV00408,4,General,STF5858,Night,Emergency Use,17,LOT19241
TXN000678,20-08-2025,INV00103,18,Surgery,STF7133,Afternoon,Routine Use,42,LOT92169
TXN000679,18-08-2025,INV00374,15,General,STF1175,Afternoon,Routine Use,70,LOT16794
TXN000680,25-08-2025,INV00262,9,ICU,STF3918,Morning,Routine Use,75,LOT65934
TXN000681,21-08-2025,INV00237,12,Pediatrics,STF1011,Night,Routine Use,413,LOT54539
TXN000682,13-08-2025,INV00286,1,ICU,STF4672,Afternoon,Emergency Use,304,LOT28917
TXN000683,13-08-2025,INV00067,18,ICU,STF8698,Morning,Emergency Use,402,LOT88536
TXN000684,14-08-2025,INV00016,4,General,STF4283,Morning,Routine Use,56,LOT73788
TXN000685,26-08-2025,INV00353,20,ER,STF5820,Night,Emergency Use,398,LOT49084
TXN000686,24-08-2025,INV00485,16,ICU,STF6015,Afternoon,Emergency Use,142,LOT55857
TXN000687,03-08-2025,INV00178,8,ICU,STF9420,Night,Emergency Use,341,LOT64065
TXN000688,04-08-2025,INV00319,14,Surgery,STF4514,Morning,Routine Use,477,LOT10358
TXN000689,24-08-2025,INV00324,16,General,STF3160,Night,Routine Use,406,LOT15969
TXN000690,11-08-2025,INV00480,15,ICU,STF3666,Afternoon,Routine Use,338,LOT49247
TXN000691,29-08-2025,INV00157,6,General,STF4448,Morning,Emergency Use,1,LOT21920
TXN000692,13-08-2025,INV00385,6,Pediatrics,STF5971,Night,Routine Use,42,LOT95145
TXN000693,08-08-2025,INV00205,14,Pediatrics,STF8028,Afternoon,Emergency Use,142,LOT51483
TXN000694,15-08-2025,INV00264,1,Surgery,STF7017,Morning,Routine Use,340,LOT28479
TXN000695,19-08-2025,INV00051,7,General,STF9236,Night,Routine Use,99,LOT84895
TXN000696,06-08-2025,INV00126,19,ICU,STF8660,Morning,Routine Use,149,LOT87889
TXN000697,01-08-2025,INV00319,13,ER,STF3560,Morning,Emergency Use,279,LOT30294
TXN000698,27-08-2025,INV00182,7,ER,STF1254,Afternoon,Routine Use,269,LOT89456
TXN000699,27-08-2025,INV00262,19,ER,STF2795,Night,Routine Use,248,LOT24486
TXN000700,11-08-2025,INV00148,6,Surgery,STF3144,Morning,Emergency Use,335,LOT41093
TXN000701,11-08-2025,INV00465,17,ER,STF3860,Afternoon,Emergency Use,377,LOT83794
TXN000702,13-08-2025,INV00303,3,ER,STF2038,Night,Routine Use,329,LOT26600
TXN000703,22-08-2025,INV00268,2,General,STF5307,Night,Emergency Use,98,LOT98964
TXN000704,19-08-2025,INV00275,8,Pediatrics,STF9998,Morning,Routine Use,191,LOT99710
TXN000705,03-08-2025,INV00010,1,Pediatrics,STF9779,Night,Emergency Use,349,LOT35209
TXN000706,04-08-2025,INV00440,14,ICU,STF5623,Afternoon,Emergency Use,58,LOT43044
TXN000707,16-08-2025,INV00221,9,Surgery,STF3140,Night,Emergency Use,358,LOT33593
TXN000708,08-08-2025,INV00081,5,ICU,STF8462,Morning,Routine Use,138,LOT91543
TXN000709,07-08-2025,INV00235,11,ICU,STF6048,Night,Routine Use,462,LOT21245
TXN000710,28-08-2025,INV00007,18,Pediatrics,STF5706,Night,Emergency Use,134,LOT86720
TXN000711,25-08-2025,INV00135,3,ICU,STF6882,Night,Emergency Use,188,LOT31779
TXN000712,18-08-2025,INV00063,4,General,STF3015,Afternoon,Emergency Use,191,LOT16520
TXN000713,21-08-2025,INV00324,19,Surgery,STF5696,Afternoon,Routine Use,29,LOT97976
TXN000714,06-08-2025,INV00264,16,Pediatrics,STF8504,Afternoon,Routine Use,166,LOT39992
TXN000715,17-08-2025,INV00244,16,ER,STF7403,Night,Routine Use,259,LOT60787
TXN000716,23-08-2025,INV00371,2,ER,STF8798,Afternoon,Routine Use,362,LOT34648
TXN000717,29-08-2025,INV00102,16,Pediatrics,STF9216,Afternoon,Emergency Use,456,LOT24658
TXN000718,12-08-2025,INV00231,1,ICU,STF3038,Morning,Emergency Use,423,LOT58797
TXN000719,25-08-2025,INV00451,10,ER,STF6185,Afternoon,Routine Use,135,LOT12141
TXN000720,08-08-2025,INV00160,2,Surgery,STF6232,Afternoon,Emergency Use,292,LOT54378
TXN000721,08-08-2025,INV00004,2,Pediatrics,STF9411,Night,Routine Use,414,LOT95434
TXN000722,10-08-2025,INV00170,1,General,STF3817,Night,Emergency Use,495,LOT27982
TXN000723,25-08-2025,INV00239,19,General,STF2475,Afternoon,Emergency Use,493,LOT30948
TXN000724,14-08-2025,INV00054,17,Pediatrics,STF5775,Night,Emergency Use,449,LOT53701
TXN000725,13-08-2025,INV00343,18,General,STF3759,Afternoon,Emergency Use,214,LOT93831
TXN000726,16-08-2025,INV00262,15,Surgery,STF8245,Morning,Emergency Use,391,LOT35014
TXN000727,27-08-2025,INV00085,8,Surgery,STF8161,Morning,Emergency Use,483,LOT23970
TXN000728,20-08-2025,INV00010,12,General,STF3771,Night,Emergency Use,386,LOT17918
TXN000729,16-08-2025,INV00031,12,Pediatrics,STF4399,Afternoon,Routine Use,111,LOT88146
TXN000730,01-08-2025,INV00063,1,ICU,STF9231,Afternoon,Routine Use,461,LOT64366
TXN000731,21-08-2025,INV00494,8,ICU,STF1464,Morning,Emergency Use,421,LOT16002
TXN000732,24-08-2025,INV00364,18,ER,STF1198,Afternoon,Routine Use,453,LOT38944
TXN000733,11-08-2025,INV00373,11,Surgery,STF2238,Morning,Emergency Use,11,LOT22374
TXN000734,31-08-2025,INV00039,1,ER,STF5055,Afternoon,Emergency Use,228,LOT29617
TXN000735,26-08-2025,INV00412,11,ER,STF1223,Afternoon,Routine Use,331,LOT58309
TXN000736,27-08-2025,INV00367,13,ICU,STF1619,Morning,Emergency Use,242,LOT68546
TXN000737,21-08-2025,INV00492,5,ICU,STF9380,Afternoon,Emergency Use,117,LOT87869
TXN000738,04-08-2025,INV00183,2,General,STF1392,Morning,Emergency Use,98,LOT45542
TXN000739,20-08-2025,INV00015,11,Surgery,STF3306,Morning,Emergency Use,320,LOT80982
TXN000740,30-08-2025,INV00086,18,Pediatrics,STF8063,Night,Emergency Use,234,LOT47110
TXN000741,03-08-2025,INV00325,11,Pediatrics,STF2217,Morning,Routine Use,92,LOT10636
TXN000742,22-08-2025,INV00361,15,ER,STF1198,Night,Emergency Use,172,LOT92523
TXN000743,04-08-2025,INV00003,16,ER,STF2677,Night,Routine Use,485,LOT85323
TXN000744,02-08-2025,INV00320,16,General,STF6479,Night,Emergency Use,61,LOT76057
TXN000745,09-08-2025,INV00409,20,Pediatrics,STF5130,Afternoon,Emergency Use,145,LOT46257
TXN000746,14-08-2025,INV00113,14,Pediatrics,STF2235,Afternoon,Routine Use,34,LOT63154
TXN000747,15-08-2025,INV00274,4,ICU,STF8540,Morning,Emergency Use,135,LOT66299
TXN000748,04-08-2025,INV00176,10,ER,STF2831,Afternoon,Routine Use,87,LOT18875
TXN000749,26-08-2025,INV00189,3,ICU,STF6579,Morning,Emergency Use,338,LOT38467
TXN000750,10-08-2025,INV00342,8,ICU,STF8053,Morning,Routine Use,223,LOT67896
TXN000751,10-08-2025,INV00448,7,ER,STF6607,Afternoon,Emergency Use,275,LOT73928
TXN000752,18-08-2025,INV00212,14,Pediatrics,STF8538,Morning,Routine Use,311,LOT63722
TXN000753,07-08-2025,INV00207,16,General,STF5659,Afternoon,Emergency Use,204,LOT66598
TXN000754,02-08-2025,INV00248,10,ER,STF7234,Afternoon,Routine Use,400,LOT35032
TXN000755,25-08-2025,INV00190,12,General,STF2354,Afternoon,Emergency Use,284,LOT64705
TXN000756,14-08-2025,INV00068,17,Pediatrics,STF7531,Morning,Emergency Use,387,LOT55979
TXN000757,04-08-2025,INV00104,20,General,STF4947,Afternoon,Emergency Use,130,LOT74461
TXN000758,03-08-2025,INV00242,4,ICU,STF5135,Morning,Emergency Use,234,LOT20377
TXN000759,26-08-2025,INV00476,9,ER,STF9208,Night,Routine Use,176,LOT81261
TXN000760,07-08-2025,INV00444,1,General,STF3969,Afternoon,Emergency Use,261,LOT26153
TXN000761,23-08-2025,INV00244,17,ICU,STF1938,Afternoon,Emergency Use,484,LOT95727
TXN000762,06-08-2025,INV00337,9,Pediatrics,STF8827,Afternoon,Routine Use,268,LOT89910
TXN000763,01-08-2025,INV00277,7,ER,STF3754,Afternoon,Routine Use,321,LOT59468
TXN000764,05-08-2025,INV00103,19,Pediatrics,STF2993,Afternoon,Routine Use,150,LOT46857
TXN000765,31-08-2025,INV00239,18,ER,STF3315,Afternoon,Routine Use,276,LOT15721
TXN000766,07-08-2025,INV00160,8,ER,STF3956,Morning,Routine Use,8,LOT92326
TXN000767,24-08-2025,INV00219,2,ER,STF7751,Night,Emergency Use,77,LOT64640
TXN000768,31-08-2025,INV00226,18,General,STF2613,Night,Emergency Use,142,LOT56255
TXN000769,14-08-2025,INV00146,19,General,STF7374,Afternoon,Emergency Use,365,LOT97572
TXN000770,09-08-2025,INV00333,14,Pediatrics,STF9635,Morning,Routine Use,230,LOT11513
TXN000771,04-08-2025,INV00115,12,ICU,STF2195,Night,Routine Use,312,LOT80657
TXN000772,11-08-2025,INV00449,15,Pediatrics,STF4905,Night,Routine Use,328,LOT57569
TXN000773,23-08-2025,INV00100,9,General,STF7906,Afternoon,Emergency Use,499,LOT60626
TXN000774,26-08-2025,INV00316,16,ICU,STF6652,Morning,Routine Use,77,LOT52166
TXN000775,10-08-2025,INV00144,13,Pediatrics,STF8074,Afternoon,Routine Use,432,LOT80792
TXN000776,18-08-2025,INV00083,19,Surgery,STF5919,Morning,Routine Use,120,LOT20965
TXN000777,10-08-2025,INV00386,4,ER,STF5139,Afternoon,Emergency Use,339,LOT77460
TXN000778,29-08-2025,INV00092,6,ICU,STF6772,Afternoon,Emergency Use,319,LOT84445
TXN000779,11-08-2025,INV00468,9,General,STF1147,Night,Emergency Use,211,LOT12627
TXN000780,08-08-2025,INV00460,4,Surgery,STF4292,Morning,Emergency Use,334,LOT73974
TXN000781,31-08-2025,INV00492,17,Pediatrics,STF4955,Night,Routine Use,7,LOT61498
TXN000782,15-08-2025,INV00223,19,ICU,STF1340,Morning,Emergency Use,103,LOT53366
TXN000783,09-08-2025,INV00067,12,General,STF7887,Night,Routine Use,319,LOT81605
TXN000784,29-08-2025,INV00127,7,General,STF7461,Afternoon,Emergency Use,236,LOT52642
TXN000785,12-08-2025,INV00478,15,ER,STF5888,Morning,Routine Use,221,LOT56877
TXN000786,15-08-2025,INV00017,17,Pediatrics,STF4548,Night,Emergency Use,243,LOT89877
TXN000787,10-08-2025,INV00283,8,Pediatrics,STF7485,Afternoon,Routine Use,175,LOT38382
TXN000788,03-08-2025,INV00368,10,General,STF4265,Night,Emergency Use,226,LOT57773
TXN000789,04-08-2025,INV00037,5,ER,STF3203,Night,Routine Use,227,LOT87418
TXN000790,30-08-2025,INV00350,15,ER,STF1823,Night,Routine Use,288,LOT22379
TXN000791,15-08-2025,INV00093,5,ICU,STF2188,Night,Emergency Use,382,LOT72917
TXN000792,09-08-2025,INV00274,18,General,STF3142,Afternoon,Routine Use,296,LOT43268
TXN000793,06-08-2025,INV00416,13,ICU,STF8498,Morning,Emergency Use,437,LOT26447
TXN000794,25-08-2025,INV00345,7,General,STF8255,Afternoon,Emergency Use,193,LOT67752
TXN000795,15-08-2025,INV00423,5,ICU,STF5642,Afternoon,Routine Use,437,LOT76078
TXN000796,13-08-2025,INV00434,13,Surgery,STF2409,Afternoon,Routine Use,215,LOT18770
TXN000797,24-08-2025,INV00268,19,ICU,STF3728,Night,Routine Use,124,LOT13764
TXN000798,29-08-2025,INV00091,11,ER,STF4509,Morning,Emergency Use,396,LOT67398
TXN000799,05-08-2025,INV00282,19,ICU,STF3879,Morning,Routine Use,412,LOT37717
TXN000800,28-08-2025,INV00246,4,General,STF9436,Morning,Emergency Use,191,LOT35142
TXN000801,15-08-2025,INV00195,19,ICU,STF7808,Morning,Routine Use,359,LOT48414
TXN000802,07-08-2025,INV00251,16,Pediatrics,STF4443,Morning,Routine Use,106,LOT73020
TXN000803,24-08-2025,INV00096,13,General,STF6590,Night,Routine Use,259,LOT15532
TXN000804,07-08-2025,INV00409,3,Surgery,STF1336,Night,Routine Use,268,LOT28305
TXN000805,27-08-2025,INV00497,8,ICU,STF3106,Morning,Routine Use,394,LOT51508
TXN000806,18-08-2025,INV00397,6,ICU,STF3532,Afternoon,Routine Use,425,LOT14718
TXN000807,13-08-2025,INV00177,1,ICU,STF6412,Morning,Emergency Use,274,LOT52694
TXN000808,24-08-2025,INV00387,15,ICU,STF6888,Afternoon,Routine Use,361,LOT11853
TXN000809,08-08-2025,INV00064,19,ICU,STF3661,Morning,Routine Use,495,LOT52928
TXN000810,23-08-2025,INV00460,11,Surgery,STF5706,Morning,Routine Use,302,LOT52779
TXN000811,22-08-2025,INV00430,5,ER,STF1146,Night,Routine Use,168,LOT17584
TXN000812,13-08-2025,INV00089,19,ICU,STF9919,Night,Emergency Use,2,LOT68960
TXN000813,11-08-2025,INV00381,7,ICU,STF5258,Afternoon,Emergency Use,460,LOT17241
TXN000814,09-08-2025,INV00043,20,Surgery,STF2274,Night,Routine Use,369,LOT28601
TXN000815,29-08-2025,INV00098,9,General,STF6185,Night,Routine Use,203,LOT96299
TXN000816,27-08-2025,INV00253,16,ER,STF9626,Morning,Emergency Use,50,LOT29096
TXN000817,02-08-2025,INV00082,15,Surgery,STF5941,Morning,Emergency Use,478,LOT47115
TXN000818,31-08-2025,INV00223,12,Surgery,STF3274,Night,Routine Use,345,LOT51081
TXN000819,05-08-2025,INV00140,1,ER,STF9964,Afternoon,Routine Use,137,LOT17607
TXN000820,09-08-2025,INV00070,19,Surgery,STF3930,Afternoon,Emergency Use,141,LOT18375
TXN000821,11-08-2025,INV00229,16,ICU,STF6601,Night,Routine Use,30,LOT53421
TXN000822,23-08-2025,INV00379,12,ICU,STF6944,Afternoon,Emergency Use,197,LOT46897
TXN000823,03-08-2025,INV00042,20,ICU,STF5245,Afternoon,Emergency Use,190,LOT66213
TXN000824,31-08-2025,INV00318,3,General,STF3961,Morning,Routine Use,245,LOT86036
TXN000825,11-08-2025,INV00390,5,ER,STF6986,Morning,Emergency Use,278,LOT88932
TXN000826,04-08-2025,INV00489,3,Pediatrics,STF2758,Afternoon,Emergency Use,421,LOT13628
TXN000827,11-08-2025,INV00478,3,Surgery,STF3687,Afternoon,Emergency Use,32,LOT78543
TXN000828,21-08-2025,INV00079,19,ICU,STF8846,Night,Routine Use,62,LOT67040
TXN000829,22-08-2025,INV00302,17,General,STF6509,Afternoon,Emergency Use,95,LOT57029
TXN000830,11-08-2025,INV00245,1,General,STF2785,Morning,Routine Use,156,LOT23148
TXN000831,15-08-2025,INV00210,13,Pediatrics,STF3057,Night,Routine Use,324,LOT81775
TXN000832,27-08-2025,INV00114,14,ER,STF4377,Afternoon,Routine Use,352,LOT63077
TXN000833,04-08-2025,INV00252,19,Surgery,STF2440,Morning,Emergency Use,192,LOT31927
TXN000834,12-08-2025,INV00082,14,ICU,STF3563,Afternoon,Emergency Use,492,LOT78183
TXN000835,10-08-2025,INV00080,16,General,STF6460,Night,Emergency Use,67,LOT78627
TXN000836,31-08-2025,INV00216,12,Surgery,STF9116,Afternoon,Emergency Use,355,LOT23550
TXN000837,31-08-2025,INV00215,5,Surgery,STF9104,Morning,Emergency Use,10,LOT25416
TXN000838,31-08-2025,INV00066,9,ER,STF6412,Morning,Routine Use,50,LOT71552
TXN000839,05-08-2025,INV00394,9,Surgery,STF6022,Night,Routine Use,102,LOT43251
TXN000840,21-08-2025,INV00192,11,ICU,STF3408,Morning,Routine Use,115,LOT61877
TXN000841,11-08-2025,INV00426,15,General,STF5853,Morning,Routine Use,163,LOT70870
TXN000842,21-08-2025,INV00262,9,ICU,STF5809,Night,Routine Use,138,LOT52050
TXN000843,18-08-2025,INV00194,2,ER,STF4842,Morning,Routine Use,51,LOT83273
TXN000844,16-08-2025,INV00019,9,Surgery,STF7108,Afternoon,Emergency Use,73,LOT91772
TXN000845,07-08-2025,INV00446,9,General,STF2873,Afternoon,Routine Use,317,LOT40252
TXN000846,29-08-2025,INV00003,5,General,STF8471,Night,Routine Use,499,LOT97556
TXN000847,30-08-2025,INV00152,1,Surgery,STF8725,Afternoon,Routine Use,414,LOT84847
TXN000848,26-08-2025,INV00429,20,ER,STF6979,Afternoon,Routine Use,305,LOT35911
TXN000849,24-08-2025,INV00278,9,ICU,STF5744,Night,Emergency Use,494,LOT67388
TXN000850,31-08-2025,INV00317,3,Pediatrics,STF4835,Afternoon,Emergency Use,341,LOT92533
TXN000851,19-08-2025,INV00432,12,Pediatrics,STF6010,Morning,Emergency Use,67,LOT89838
TXN000852,04-08-2025,INV00045,7,ER,STF4407,Morning,Emergency Use,344,LOT42533
TXN000853,13-08-2025,INV00431,15,Surgery,STF8033,Night,Emergency Use,241,LOT97411
TXN000854,30-08-2025,INV00202,14,Pediatrics,STF2066,Night,Routine Use,92,LOT67132
TXN000855,30-08-2025,INV00412,1,General,STF7804,Night,Emergency Use,134,LOT12117
TXN000856,02-08-2025,INV00193,1,ER,STF8544,Night,Routine Use,109,LOT28223
TXN000857,23-08-2025,INV00252,18,Surgery,STF1484,Morning,Emergency Use,143,LOT30149
TXN000858,11-08-2025,INV00441,8,Surgery,STF1747,Morning,Routine Use,450,LOT26589
TXN000859,21-08-2025,INV00261,7,ER,STF3549,Afternoon,Emergency Use,459,LOT87286
TXN000860,21-08-2025,INV00216,1,General,STF2270,Morning,Emergency Use,111,LOT73583
TXN000861,17-08-2025,INV00431,7,ER,STF5810,Afternoon,Routine Use,467,LOT61534
TXN000862,11-08-2025,INV00137,9,General,STF7054,Afternoon,Emergency Use,141,LOT38160
TXN000863,30-08-2025,INV00150,15,Pediatrics,STF6557,Afternoon,Emergency Use,428,LOT98704
TXN000864,10-08-2025,INV00419,3,Surgery,STF3466,Afternoon,Routine Use,332,LOT30905
TXN000865,14-08-2025,INV00188,5,ER,STF4710,Morning,Routine Use,111,LOT33417
TXN000866,07-08-2025,INV00463,18,ER,STF9486,Afternoon,Routine Use,276,LOT16929
TXN000867,14-08-2025,INV00428,4,Surgery,STF3806,Afternoon,Emergency Use,231,LOT24176
TXN000868,28-08-2025,INV00175,11,ICU,STF2218,Afternoon,Emergency Use,229,LOT64565
TXN000869,16-08-2025,INV00075,16,ER,STF7802,Night,Routine Use,111,LOT51139
TXN000870,05-08-2025,INV00362,9,ER,STF5903,Morning,Emergency Use,409,LOT52290
TXN000871,25-08-2025,INV00174,2,ER,STF3169,Night,Emergency Use,452,LOT37630
TXN000872,18-08-2025,INV00036,12,Surgery,STF5893,Night,Routine Use,398,LOT64646
TXN000873,22-08-2025,INV00382,15,General,STF1803,Night,Routine Use,233,LOT39269
TXN000874,03-08-2025,INV00286,8,Pediatrics,STF7612,Morning,Routine Use,201,LOT88602
TXN000875,24-08-2025,INV00029,15,ICU,STF6284,Night,Routine Use,4,LOT30684
TXN000876,16-08-2025,INV00056,8,General,STF2143,Night,Emergency Use,208,LOT30926
TXN000877,06-08-2025,INV00084,11,Surgery,STF3005,Night,Routine Use,52,LOT89637
TXN000878,04-08-2025,INV00449,5,Surgery,STF6616,Night,Routine Use,19,LOT29363
TXN000879,09-08-2025,INV00246,11,General,STF7305,Afternoon,Routine Use,118,LOT95949
TXN000880,02-08-2025,INV00343,18,Pediatrics,STF5167,Morning,Routine Use,72,LOT69052
TXN000881,21-08-2025,INV00351,1,General,STF8485,Afternoon,Routine Use,414,LOT17466
TXN000882,26-08-2025,INV00425,19,ER,STF3576,Afternoon,Routine Use,153,LOT63590
TXN000883,12-08-2025,INV00310,14,Surgery,STF3347,Afternoon,Emergency Use,50,LOT40743
TXN000884,20-08-2025,INV00268,12,Pediatrics,STF8550,Afternoon,Emergency Use,80,LOT56782
TXN000885,25-08-2025,INV00444,13,ER,STF4096,Morning,Emergency Use,71,LOT27843
TXN000886,11-08-2025,INV00238,16,General,STF1723,Afternoon,Routine Use,298,LOT20984
TXN000887,10-08-2025,INV00393,8,General,STF1027,Afternoon,Emergency Use,300,LOT56686
TXN000888,06-08-2025,INV00399,20,ICU,STF6842,Night,Emergency Use,471,LOT56409
TXN000889,15-08-2025,INV00035,8,Pediatrics,STF1810,Afternoon,Routine Use,488,LOT29201
TXN000890,05-08-2025,INV00009,5,ER,STF2310,Afternoon,Routine Use,386,LOT46347
TXN000891,15-08-2025,INV00127,14,Pediatrics,STF4741,Morning,Emergency Use,359,LOT22452
TXN000892,12-08-2025,INV00066,4,Surgery,STF8202,Afternoon,Routine Use,429,LOT28098
TXN000893,13-08-2025,INV00176,16,ER,STF8076,Night,Emergency Use,87,LOT54091
TXN000894,11-08-2025,INV00309,10,Surgery,STF7718,Night,Emergency Use,117,LOT80622
TXN000895,19-08-2025,INV00426,9,ICU,STF2481,Afternoon,Emergency Use,410,LOT20808
TXN000896,04-08-2025,INV00116,13,ICU,STF8256,Morning,Emergency Use,126,LOT75688
TXN000897,16-08-2025,INV00367,12,ER,STF7017,Morning,Emergency Use,55,LOT64706
TXN000898,08-08-2025,INV00461,5,General,STF2942,Afternoon,Emergency Use,109,LOT54358
TXN000899,18-08-2025,INV00157,7,General,STF4515,Afternoon,Emergency Use,388,LOT94030
TXN000900,15-08-2025,INV00154,5,ICU,STF1102,Morning,Routine Use,464,LOT53296
TXN000901,17-08-2025,INV00268,2,ICU,STF6961,Night,Routine Use,75,LOT80273
TXN000902,03-08-2025,INV00239,1,ICU,STF8242,Night,Routine Use,411,LOT35290
TXN000903,12-08-2025,INV00476,17,General,STF8101,Morning,Routine Use,467,LOT91291
TXN000904,24-08-2025,INV00500,8,Surgery,STF5455,Afternoon,Routine Use,359,LOT67223
TXN000905,09-08-2025,INV00482,7,ER,STF1733,Morning,Emergency Use,301,LOT78806
TXN000906,12-08-2025,INV00450,17,General,STF3206,Afternoon,Routine Use,124,LOT61821
TXN000907,05-08-2025,INV00475,1,ICU,STF3754,Night,Routine Use,431,LOT61571
TXN000908,15-08-2025,INV00251,4,ER,STF1298,Night,Routine Use,406,LOT96550
TXN000909,28-08-2025,INV00037,14,ICU,STF6862,Morning,Emergency Use,342,LOT26098
TXN000910,22-08-2025,INV00138,9,ER,STF1401,Afternoon,Emergency Use,122,LOT33584
TXN000911,27-08-2025,INV00188,5,ER,STF1742,Night,Emergency Use,189,LOT53459
TXN000912,22-08-2025,INV00184,6,ICU,STF4849,Afternoon,Routine Use,339,LOT19679
TXN000913,13-08-2025,INV00133,17,Pediatrics,STF8998,Afternoon,Routine Use,28,LOT54150
TXN000914,16-08-2025,INV00177,19,ICU,STF8295,Afternoon,Emergency Use,93,LOT40543
TXN000915,20-08-2025,INV00329,12,Surgery,STF2547,Afternoon,Emergency Use,424,LOT29931
TXN000916,06-08-2025,INV00031,19,ICU,STF3769,Afternoon,Emergency Use,209,LOT58995
TXN000917,20-08-2025,INV00247,6,ICU,STF6770,Afternoon,Emergency Use,421,LOT28030
TXN000918,14-08-2025,INV00411,15,ER,STF9167,Morning,Routine Use,145,LOT13581
TXN000919,08-08-2025,INV00272,1,Pediatrics,STF6947,Night,Emergency Use,430,LOT79951
TXN000920,27-08-2025,INV00277,16,ICU,STF1594,Night,Routine Use,60,LOT21858
TXN000921,30-08-2025,INV00394,4,ICU,STF1470,Morning,Routine Use,41,LOT10368
TXN000922,02-08-2025,INV00051,11,ER,STF1341,Morning,Emergency Use,461,LOT25445
TXN000923,11-08-2025,INV00261,11,ICU,STF7230,Night,Emergency Use,391,LOT40539
TXN000924,14-08-2025,INV00069,1,Pediatrics,STF7145,Night,Emergency Use,419,LOT73845
TXN000925,13-08-2025,INV00110,18,Pediatrics,STF5115,Morning,Routine Use,463,LOT84461
TXN000926,10-08-2025,INV00396,4,General,STF9685,Night,Emergency Use,327,LOT23111
TXN000927,19-08-2025,INV00176,12,Surgery,STF7352,Afternoon,Routine Use,81,LOT68836
TXN000928,06-08-2025,INV00421,14,Pediatrics,STF6226,Night,Emergency Use,248,LOT13548
TXN000929,24-08-2025,INV00228,5,ER,STF8030,Night,Routine Use,310,LOT29792
TXN000930,27-08-2025,INV00197,9,ER,STF4329,Morning,Routine Use,328,LOT73591
TXN000931,22-08-2025,INV00240,14,ER,STF1705,Night,Emergency Use,7,LOT62214
TXN000932,15-08-2025,INV00382,17,ER,STF8994,Morning,Emergency Use,352,LOT57150
TXN000933,02-08-2025,INV00179,17,ICU,STF4231,Afternoon,Routine Use,96,LOT77194
TXN000934,16-08-2025,INV00160,2,ER,STF8624,Afternoon,Routine Use,341,LOT85364
TXN000935,05-08-2025,INV00415,4,Surgery,STF5603,Afternoon,Routine Use,472,LOT75057
TXN000936,20-08-2025,INV00103,10,ICU,STF7233,Night,Emergency Use,383,LOT59527
TXN000937,15-08-2025,INV00410,14,ER,STF9486,Morning,Routine Use,381,LOT18071
TXN000938,16-08-2025,INV00337,12,ER,STF6451,Night,Emergency Use,139,LOT12080
TXN000939,27-08-2025,INV00178,17,Surgery,STF1303,Afternoon,Emergency Use,64,LOT40435
TXN000940,24-08-2025,INV00113,1,Pediatrics,STF9552,Night,Routine Use,384,LOT12877
TXN000941,31-08-2025,INV00431,14,Surgery,STF1313,Night,Emergency Use,257,LOT99429
TXN000942,29-08-2025,INV00197,4,Surgery,STF3218,Night,Routine Use,299,LOT43678
TXN000943,02-08-2025,INV00080,7,ICU,STF9985,Night,Routine Use,118,LOT12284
TXN000944,11-08-2025,INV00386,5,ER,STF1295,Morning,Emergency Use,430,LOT56998
TXN000945,24-08-2025,INV00050,13,Surgery,STF7151,Afternoon,Routine Use,245,LOT91094
TXN000946,24-08-2025,INV00044,17,ER,STF7029,Night,Emergency Use,382,LOT92765
TXN000947,10-08-2025,INV00249,20,ER,STF7530,Night,Emergency Use,171,LOT94890
TXN000948,22-08-2025,INV00470,4,ER,STF6125,Night,Routine Use,219,LOT95319
TXN000949,27-08-2025,INV00184,14,General,STF6286,Morning,Routine Use,179,LOT40010
TXN000950,27-08-2025,INV00297,16,ICU,STF4964,Night,Emergency Use,256,LOT65983
TXN000951,06-08-2025,INV00311,11,ICU,STF6844,Night,Routine Use,86,LOT76581
TXN000952,31-08-2025,INV00004,8,Pediatrics,STF8115,Afternoon,Emergency Use,52,LOT77060
TXN000953,22-08-2025,INV00300,11,ICU,STF3355,Night,Routine Use,310,LOT43025
TXN000954,31-08-2025,INV00417,17,General,STF5334,Night,Emergency Use,405,LOT56480
TXN000955,11-08-2025,INV00419,9,Pediatrics,STF2552,Night,Emergency Use,482,LOT41963
TXN000956,31-08-2025,INV00389,17,General,STF5367,Afternoon,Routine Use,279,LOT30933
TXN000957,12-08-2025,INV00307,16,ICU,STF5621,Morning,Emergency Use,149,LOT47328
TXN000958,02-08-2025,INV00260,19,Surgery,STF9337,Morning,Emergency Use,434,LOT56523
TXN000959,15-08-2025,INV00349,6,ICU,STF7393,Morning,Emergency Use,435,LOT69672
TXN000960,04-08-2025,INV00390,10,Pediatrics,STF1897,Afternoon,Routine Use,244,LOT69337
TXN000961,03-08-2025,INV00061,11,ER,STF3312,Night,Routine Use,452,LOT35072
TXN000962,17-08-2025,INV00459,17,ER,STF9030,Afternoon,Emergency Use,382,LOT26030
TXN000963,08-08-2025,INV00079,10,ER,STF2456,Afternoon,Emergency Use,360,LOT96296
TXN000964,10-08-2025,INV00362,16,Pediatrics,STF7134,Morning,Emergency Use,289,LOT97284
TXN000965,23-08-2025,INV00298,5,ER,STF7886,Afternoon,Routine Use,319,LOT59670
TXN000966,11-08-2025,INV00405,4,ICU,STF2737,Night,Emergency Use,45,LOT82133
TXN000967,16-08-2025,INV00127,20,Surgery,STF4620,Night,Routine Use,190,LOT76481
TXN000968,12-08-2025,INV00236,5,Pediatrics,STF9531,Afternoon,Emergency Use,325,LOT25965
TXN000969,01-08-2025,INV00465,2,General,STF2714,Afternoon,Emergency Use,352,LOT58008
TXN000970,14-08-2025,INV00086,9,Surgery,STF2266,Morning,Routine Use,412,LOT65149
TXN000971,31-08-2025,INV00308,15,General,STF3941,Afternoon,Routine Use,86,LOT94477
TXN000972,19-08-2025,INV00125,15,ICU,STF4809,Night,Routine Use,107,LOT66774
TXN000973,13-08-2025,INV00100,19,ICU,STF4204,Morning,Routine Use,421,LOT18404
TXN000974,19-08-2025,INV00006,19,Pediatrics,STF6886,Night,Routine Use,55,LOT12398
TXN000975,23-08-2025,INV00005,2,Surgery,STF3935,Night,Routine Use,423,LOT18476
TXN000976,15-08-2025,INV00337,3,ER,STF4381,Afternoon,Routine Use,28,LOT23063
TXN000977,07-08-2025,INV00267,4,General,STF4344,Night,Routine Use,341,LOT22300
TXN000978,31-08-2025,INV00446,7,General,STF8730,Morning,Emergency Use,353,LOT63404
TXN000979,09-08-2025,INV00270,15,General,STF2772,Morning,Routine Use,127,LOT98355
TXN000980,08-08-2025,INV00307,15,ER,STF9071,Afternoon,Routine Use,15,LOT81087
TXN000981,28-08-2025,INV00181,7,General,STF5149,Morning,Routine Use,150,LOT48737
TXN000982,13-08-2025,INV00184,20,Pediatrics,STF7979,Morning,Emergency Use,485,LOT32762
TXN000983,02-08-2025,INV00162,1,Surgery,STF9254,Morning,Routine Use,257,LOT73231
TXN000984,19-08-2025,INV00163,4,ICU,STF7705,Afternoon,Routine Use,271,LOT52307
TXN000985,11-08-2025,INV00358,4,ER,STF5304,Afternoon,Routine Use,449,LOT98855
TXN000986,16-08-2025,INV00190,3,General,STF9582,Morning,Emergency Use,301,LOT42801
TXN000987,01-08-2025,INV00454,9,Pediatrics,STF7598,Night,Emergency Use,390,LOT60912
TXN000988,25-08-2025,INV00041,12,Pediatrics,STF3045,Morning,Emergency Use,325,LOT69713
TXN000989,21-08-2025,INV00338,4,Surgery,STF6963,Night,Routine Use,417,LOT58573
TXN000990,24-08-2025,INV00308,8,Surgery,STF1950,Night,Emergency Use,494,LOT37921
TXN000991,18-08-2025,INV00455,3,Pediatrics,STF7916,Night,Routine Use,45,LOT20039
TXN000992,08-08-2025,INV00289,15,ER,STF9492,Night,Emergency Use,16,LOT54592
TXN000993,03-08-2025,INV00052,19,ICU,STF9889,Night,Routine Use,195,LOT54540
TXN000994,12-08-2025,INV00060,18,Pediatrics,STF2261,Morning,Routine Use,148,LOT61962
TXN000995,24-08-2025,INV00383,12,Surgery,STF7410,Afternoon,Routine Use,264,LOT38348
TXN000996,31-08-2025,INV00093,3,Surgery,STF9878,Morning,Routine Use,298,LOT54762
TXN000997,17-08-2025,INV00215,6,ICU,STF5610,Afternoon,Routine Use,446,LOT54426
TXN000998,24-08-2025,INV00418,15,ICU,STF9547,Night,Routine Use,419,LOT78299
TXN000999,19-08-2025,INV00258,13,General,STF7962,Morning,Routine Use,487,LOT82251
TXN001000,23-08-2025,INV00434,1,Pediatrics,STF4122,Morning,Routine Use,337,LOT74445
