Invoice_ID,Vendor_ID,Inventory_ID,Purchase_Date,Quantity,Unit_Cost,Total_Cost,Payment_Status,Account_Code,Delivery_Date
INVF000001,VEND005,INV00462,16-08-2025,38,11,418,Pending,ACCT835,17-09-2025
INVF000002,VEND019,INV00357,05-08-2025,158,5,790,Pending,ACCT317,25-09-2025
INVF000003,VEND008,INV00231,14-08-2025,200,6,1200,Paid,ACCT661,16-09-2025
INVF000004,VEND008,INV00314,17-08-2025,155,6,930,Overdue,ACCT520,24-09-2025
INVF000005,VEND007,INV00490,31-08-2025,22,9,198,Paid,ACCT123,23-09-2025
INVF000006,VEND015,INV00137,30-08-2025,130,13,1690,Overdue,ACCT852,07-09-2025
INVF000007,VEND011,INV00277,08-08-2025,106,13,1378,Overdue,ACCT108,11-09-2025
INVF000008,VEND004,INV00357,02-08-2025,25,8,200,Paid,ACCT337,11-09-2025
INVF000009,VEND001,INV00164,04-08-2025,12,3,36,Overdue,ACCT631,08-09-2025
INVF000010,VEND001,INV00367,13-08-2025,127,2,254,Overdue,ACCT181,01-09-2025
INVF000011,VEND001,INV00360,04-08-2025,93,6,558,Overdue,ACCT400,05-09-2025
INVF000012,VEND013,INV00101,21-08-2025,174,14,2436,Overdue,ACCT401,24-09-2025
INVF000013,VEND012,INV00355,19-08-2025,108,13,1404,Pending,ACCT758,12-09-2025
INVF000014,VEND004,INV00322,16-08-2025,141,13,1833,Pending,ACCT845,24-09-2025
INVF000015,VEND013,INV00481,09-08-2025,95,14,1330,Overdue,ACCT374,11-09-2025
INVF000016,VEND016,INV00259,25-08-2025,131,11,1441,Pending,ACCT183,07-09-2025
INVF000017,VEND002,INV00348,15-08-2025,153,5,765,Pending,ACCT716,29-09-2025
INVF000018,VEND008,INV00006,11-08-2025,115,16,1840,Pending,ACCT941,07-09-2025
INVF000019,VEND009,INV00161,21-08-2025,188,17,3196,Overdue,ACCT283,12-09-2025
INVF000020,VEND012,INV00450,20-08-2025,116,13,1508,Pending,ACCT708,06-09-2025
INVF000021,VEND014,INV00332,30-08-2025,182,17,3094,Overdue,ACCT715,14-09-2025
INVF000022,VEND008,INV00009,24-08-2025,52,13,676,Overdue,ACCT456,13-09-2025
INVF000023,VEND018,INV00252,02-08-2025,37,19,703,Pending,ACCT973,18-09-2025
INVF000024,VEND012,INV00153,31-08-2025,98,14,1372,Overdue,ACCT135,12-09-2025
INVF000025,VEND011,INV00175,16-08-2025,151,9,1359,Paid,ACCT664,03-09-2025
INVF000026,VEND019,INV00392,11-08-2025,200,7,1400,Overdue,ACCT457,03-09-2025
INVF000027,VEND001,INV00486,05-08-2025,156,3,468,Paid,ACCT300,29-09-2025
INVF000028,VEND019,INV00173,12-08-2025,95,12,1140,Paid,ACCT226,07-09-2025
INVF000029,VEND007,INV00037,08-08-2025,199,3,597,Paid,ACCT294,04-09-2025
INVF000030,VEND006,INV00073,19-08-2025,31,17,527,Paid,ACCT540,14-09-2025
INVF000031,VEND008,INV00458,18-08-2025,32,2,64,Paid,ACCT368,02-09-2025
INVF000032,VEND008,INV00137,02-08-2025,42,14,588,Overdue,ACCT944,14-09-2025
INVF000033,VEND016,INV00191,28-08-2025,196,20,3920,Paid,ACCT729,29-09-2025
INVF000034,VEND020,INV00282,01-08-2025,140,6,840,Pending,ACCT542,05-09-2025
INVF000035,VEND012,INV00355,26-08-2025,18,14,252,Paid,ACCT107,11-09-2025
INVF000036,VEND001,INV00222,01-08-2025,126,17,2142,Paid,ACCT140,24-09-2025
INVF000037,VEND001,INV00170,27-08-2025,85,13,1105,Paid,ACCT137,29-09-2025
INVF000038,VEND001,INV00481,15-08-2025,21,2,42,Pending,ACCT309,02-09-2025
INVF000039,VEND019,INV00033,13-08-2025,56,16,896,Paid,ACCT697,30-09-2025
INVF000040,VEND001,INV00091,12-08-2025,67,3,201,Pending,ACCT176,19-09-2025
INVF000041,VEND017,INV00380,30-08-2025,123,19,2337,Paid,ACCT744,15-09-2025
INVF000042,VEND015,INV00431,06-08-2025,89,2,178,Overdue,ACCT601,15-09-2025
INVF000043,VEND015,INV00150,25-08-2025,17,3,51,Pending,ACCT552,12-09-2025
INVF000044,VEND010,INV00232,23-08-2025,48,3,144,Pending,ACCT990,06-09-2025
INVF000045,VEND006,INV00048,13-08-2025,118,7,826,Paid,ACCT938,12-09-2025
INVF000046,VEND016,INV00147,16-08-2025,117,12,1404,Pending,ACCT502,17-09-2025
INVF000047,VEND011,INV00149,29-08-2025,14,2,28,Paid,ACCT392,19-09-2025
INVF000048,VEND011,INV00209,02-08-2025,85,20,1700,Paid,ACCT829,03-09-2025
INVF000049,VEND012,INV00238,14-08-2025,39,6,234,Pending,ACCT632,06-09-2025
INVF000050,VEND020,INV00223,02-08-2025,120,17,2040,Pending,ACCT541,06-09-2025
INVF000051,VEND013,INV00025,13-08-2025,137,6,822,Pending,ACCT199,29-09-2025
INVF000052,VEND018,INV00221,05-08-2025,131,1,131,Pending,ACCT345,09-09-2025
INVF000053,VEND015,INV00429,27-08-2025,82,9,738,Pending,ACCT212,25-09-2025
INVF000054,VEND019,INV00028,07-08-2025,45,4,180,Overdue,ACCT880,24-09-2025
INVF000055,VEND007,INV00104,06-08-2025,88,4,352,Pending,ACCT925,03-09-2025
INVF000056,VEND016,INV00277,12-08-2025,53,18,954,Overdue,ACCT381,22-09-2025
INVF000057,VEND014,INV00137,08-08-2025,163,18,2934,Paid,ACCT220,10-09-2025
INVF000058,VEND013,INV00481,19-08-2025,136,11,1496,Pending,ACCT774,19-09-2025
INVF000059,VEND011,INV00461,31-08-2025,173,7,1211,Pending,ACCT350,11-09-2025
INVF000060,VEND016,INV00149,09-08-2025,21,6,126,Overdue,ACCT688,30-09-2025
INVF000061,VEND011,INV00420,10-08-2025,55,11,605,Overdue,ACCT429,14-09-2025
INVF000062,VEND003,INV00272,07-08-2025,64,12,768,Overdue,ACCT998,21-09-2025
INVF000063,VEND016,INV00157,08-08-2025,156,10,1560,Pending,ACCT897,02-09-2025
INVF000064,VEND012,INV00197,02-08-2025,59,4,236,Pending,ACCT300,07-09-2025
INVF000065,VEND019,INV00074,07-08-2025,47,3,141,Overdue,ACCT412,05-09-2025
INVF000066,VEND006,INV00290,15-08-2025,141,14,1974,Overdue,ACCT273,14-09-2025
INVF000067,VEND004,INV00041,22-08-2025,91,10,910,Pending,ACCT199,18-09-2025
INVF000068,VEND008,INV00472,11-08-2025,95,16,1520,Overdue,ACCT105,17-09-2025
INVF000069,VEND002,INV00464,25-08-2025,138,1,138,Overdue,ACCT227,14-09-2025
INVF000070,VEND014,INV00001,10-08-2025,178,2,356,Pending,ACCT341,27-09-2025
INVF000071,VEND006,INV00326,11-08-2025,139,15,2085,Paid,ACCT655,22-09-2025
INVF000072,VEND013,INV00278,08-08-2025,70,17,1190,Paid,ACCT343,02-09-2025
INVF000073,VEND007,INV00459,06-08-2025,19,5,95,Pending,ACCT440,11-09-2025
INVF000074,VEND008,INV00498,25-08-2025,142,7,994,Overdue,ACCT743,30-09-2025
INVF000075,VEND017,INV00437,15-08-2025,103,12,1236,Pending,ACCT396,01-09-2025
INVF000076,VEND012,INV00324,18-08-2025,178,18,3204,Paid,ACCT536,27-09-2025
INVF000077,VEND019,INV00268,10-08-2025,175,8,1400,Pending,ACCT271,09-09-2025
INVF000078,VEND012,INV00422,02-08-2025,115,12,1380,Pending,ACCT637,20-09-2025
INVF000079,VEND004,INV00204,18-08-2025,114,8,912,Overdue,ACCT133,24-09-2025
INVF000080,VEND020,INV00089,18-08-2025,159,6,954,Paid,ACCT631,05-09-2025
INVF000081,VEND009,INV00258,17-08-2025,116,7,812,Pending,ACCT232,17-09-2025
INVF000082,VEND001,INV00401,25-08-2025,147,11,1617,Paid,ACCT461,05-09-2025
INVF000083,VEND016,INV00373,15-08-2025,198,15,2970,Pending,ACCT201,22-09-2025
INVF000084,VEND008,INV00333,08-08-2025,113,18,2034,Overdue,ACCT606,03-09-2025
INVF000085,VEND009,INV00277,31-08-2025,27,18,486,Overdue,ACCT307,11-09-2025
INVF000086,VEND012,INV00070,09-08-2025,37,17,629,Pending,ACCT331,22-09-2025
INVF000087,VEND010,INV00063,07-08-2025,58,1,58,Paid,ACCT224,29-09-2025
INVF000088,VEND017,INV00004,20-08-2025,138,3,414,Overdue,ACCT857,01-09-2025
INVF000089,VEND020,INV00078,01-08-2025,196,3,588,Paid,ACCT172,03-09-2025
INVF000090,VEND001,INV00422,05-08-2025,45,11,495,Pending,ACCT576,25-09-2025
INVF000091,VEND016,INV00448,29-08-2025,129,11,1419,Overdue,ACCT427,15-09-2025
INVF000092,VEND019,INV00231,05-08-2025,73,1,73,Paid,ACCT787,28-09-2025
INVF000093,VEND019,INV00417,01-08-2025,165,13,2145,Paid,ACCT750,18-09-2025
INVF000094,VEND006,INV00239,09-08-2025,37,3,111,Pending,ACCT234,27-09-2025
INVF000095,VEND016,INV00457,15-08-2025,77,13,1001,Paid,ACCT318,09-09-2025
INVF000096,VEND009,INV00230,11-08-2025,170,1,170,Paid,ACCT702,30-09-2025
INVF000097,VEND003,INV00190,07-08-2025,152,11,1672,Pending,ACCT402,23-09-2025
INVF000098,VEND006,INV00334,13-08-2025,180,8,1440,Pending,ACCT380,28-09-2025
INVF000099,VEND002,INV00349,12-08-2025,163,18,2934,Overdue,ACCT517,28-09-2025
INVF000100,VEND010,INV00217,28-08-2025,67,5,335,Paid,ACCT309,20-09-2025
INVF000101,VEND008,INV00169,20-08-2025,92,12,1104,Paid,ACCT156,07-09-2025
INVF000102,VEND013,INV00199,05-08-2025,139,8,1112,Pending,ACCT147,20-09-2025
INVF000103,VEND005,INV00049,25-08-2025,46,17,782,Overdue,ACCT674,22-09-2025
INVF000104,VEND011,INV00453,29-08-2025,106,12,1272,Paid,ACCT152,02-09-2025
INVF000105,VEND005,INV00304,20-08-2025,188,17,3196,Overdue,ACCT339,13-09-2025
INVF000106,VEND004,INV00223,28-08-2025,190,12,2280,Overdue,ACCT651,08-09-2025
INVF000107,VEND016,INV00346,03-08-2025,144,20,2880,Overdue,ACCT415,23-09-2025
INVF000108,VEND006,INV00150,10-08-2025,133,5,665,Pending,ACCT421,10-09-2025
INVF000109,VEND008,INV00459,17-08-2025,77,16,1232,Pending,ACCT182,01-09-2025
INVF000110,VEND017,INV00333,29-08-2025,17,18,306,Paid,ACCT281,25-09-2025
INVF000111,VEND003,INV00460,15-08-2025,55,17,935,Paid,ACCT903,24-09-2025
INVF000112,VEND012,INV00328,01-08-2025,91,15,1365,Paid,ACCT877,17-09-2025
INVF000113,VEND020,INV00460,08-08-2025,45,14,630,Pending,ACCT257,11-09-2025
INVF000114,VEND005,INV00110,01-08-2025,154,16,2464,Paid,ACCT159,17-09-2025
INVF000115,VEND009,INV00006,22-08-2025,18,18,324,Pending,ACCT239,17-09-2025
INVF000116,VEND012,INV00386,04-08-2025,96,15,1440,Paid,ACCT176,14-09-2025
INVF000117,VEND004,INV00102,10-08-2025,151,7,1057,Paid,ACCT915,12-09-2025
INVF000118,VEND005,INV00468,03-08-2025,45,9,405,Overdue,ACCT251,23-09-2025
INVF000119,VEND017,INV00323,30-08-2025,120,17,2040,Overdue,ACCT353,06-09-2025
INVF000120,VEND019,INV00203,02-08-2025,67,6,402,Paid,ACCT681,07-09-2025
INVF000121,VEND001,INV00365,25-08-2025,149,10,1490,Overdue,ACCT208,09-09-2025
INVF000122,VEND018,INV00163,07-08-2025,28,9,252,Overdue,ACCT807,09-09-2025
INVF000123,VEND007,INV00492,27-08-2025,177,9,1593,Pending,ACCT557,25-09-2025
INVF000124,VEND019,INV00103,03-08-2025,157,1,157,Paid,ACCT567,06-09-2025
INVF000125,VEND020,INV00217,14-08-2025,177,16,2832,Overdue,ACCT879,28-09-2025
INVF000126,VEND005,INV00002,29-08-2025,192,8,1536,Pending,ACCT511,24-09-2025
INVF000127,VEND005,INV00491,13-08-2025,119,5,595,Overdue,ACCT521,22-09-2025
INVF000128,VEND016,INV00035,19-08-2025,87,11,957,Overdue,ACCT880,09-09-2025
INVF000129,VEND019,INV00395,21-08-2025,131,5,655,Paid,ACCT884,18-09-2025
INVF000130,VEND007,INV00249,01-08-2025,182,14,2548,Pending,ACCT781,15-09-2025
INVF000131,VEND018,INV00034,02-08-2025,121,7,847,Paid,ACCT629,07-09-2025
INVF000132,VEND008,INV00082,10-08-2025,141,17,2397,Pending,ACCT795,22-09-2025
INVF000133,VEND004,INV00298,31-08-2025,50,10,500,Paid,ACCT951,07-09-2025
INVF000134,VEND011,INV00481,12-08-2025,99,4,396,Paid,ACCT146,10-09-2025
INVF000135,VEND008,INV00448,14-08-2025,17,8,136,Paid,ACCT944,03-09-2025
INVF000136,VEND008,INV00302,08-08-2025,180,4,720,Pending,ACCT976,03-09-2025
INVF000137,VEND001,INV00166,14-08-2025,21,20,420,Overdue,ACCT733,15-09-2025
INVF000138,VEND004,INV00207,27-08-2025,133,8,1064,Pending,ACCT590,25-09-2025
INVF000139,VEND002,INV00136,14-08-2025,129,17,2193,Paid,ACCT164,22-09-2025
INVF000140,VEND007,INV00072,07-08-2025,77,20,1540,Overdue,ACCT151,15-09-2025
INVF000141,VEND004,INV00318,04-08-2025,153,18,2754,Overdue,ACCT781,25-09-2025
INVF000142,VEND008,INV00220,17-08-2025,68,10,680,Paid,ACCT304,08-09-2025
INVF000143,VEND004,INV00213,13-08-2025,115,11,1265,Pending,ACCT601,20-09-2025
INVF000144,VEND019,INV00455,13-08-2025,190,4,760,Pending,ACCT573,08-09-2025
INVF000145,VEND015,INV00282,19-08-2025,199,4,796,Pending,ACCT357,13-09-2025
INVF000146,VEND017,INV00203,18-08-2025,15,2,30,Overdue,ACCT166,10-09-2025
INVF000147,VEND015,INV00044,17-08-2025,136,20,2720,Paid,ACCT394,08-09-2025
INVF000148,VEND016,INV00178,15-08-2025,144,13,1872,Overdue,ACCT273,09-09-2025
INVF000149,VEND019,INV00087,08-08-2025,127,2,254,Overdue,ACCT827,19-09-2025
INVF000150,VEND010,INV00441,31-08-2025,74,6,444,Paid,ACCT836,16-09-2025
INVF000151,VEND016,INV00188,26-08-2025,110,16,1760,Overdue,ACCT967,13-09-2025
INVF000152,VEND015,INV00220,14-08-2025,56,20,1120,Overdue,ACCT296,30-09-2025
INVF000153,VEND001,INV00426,31-08-2025,158,16,2528,Paid,ACCT792,03-09-2025
INVF000154,VEND005,INV00328,20-08-2025,32,17,544,Overdue,ACCT830,28-09-2025
INVF000155,VEND001,INV00361,30-08-2025,86,17,1462,Pending,ACCT301,02-09-2025
INVF000156,VEND005,INV00248,26-08-2025,53,7,371,Pending,ACCT314,26-09-2025
INVF000157,VEND010,INV00143,05-08-2025,81,20,1620,Overdue,ACCT514,07-09-2025
INVF000158,VEND018,INV00144,28-08-2025,144,13,1872,Pending,ACCT922,03-09-2025
INVF000159,VEND015,INV00136,07-08-2025,99,18,1782,Paid,ACCT258,23-09-2025
INVF000160,VEND012,INV00047,22-08-2025,27,18,486,Overdue,ACCT739,10-09-2025
INVF000161,VEND017,INV00384,09-08-2025,189,17,3213,Overdue,ACCT752,02-09-2025
INVF000162,VEND016,INV00128,14-08-2025,155,19,2945,Pending,ACCT634,06-09-2025
INVF000163,VEND020,INV00323,07-08-2025,112,17,1904,Overdue,ACCT578,26-09-2025
INVF000164,VEND015,INV00323,13-08-2025,178,19,3382,Paid,ACCT411,02-09-2025
INVF000165,VEND003,INV00328,18-08-2025,13,14,182,Pending,ACCT534,17-09-2025
INVF000166,VEND015,INV00057,12-08-2025,141,6,846,Overdue,ACCT656,14-09-2025
INVF000167,VEND007,INV00333,01-08-2025,19,14,266,Overdue,ACCT352,06-09-2025
INVF000168,VEND003,INV00484,22-08-2025,83,20,1660,Pending,ACCT986,30-09-2025
INVF000169,VEND010,INV00081,13-08-2025,26,9,234,Overdue,ACCT299,25-09-2025
INVF000170,VEND002,INV00263,01-08-2025,188,17,3196,Paid,ACCT400,01-09-2025
INVF000171,VEND013,INV00031,01-08-2025,196,6,1176,Pending,ACCT315,18-09-2025
INVF000172,VEND012,INV00318,10-08-2025,11,4,44,Paid,ACCT607,21-09-2025
INVF000173,VEND017,INV00436,01-08-2025,167,13,2171,Overdue,ACCT134,19-09-2025
INVF000174,VEND003,INV00453,01-08-2025,151,2,302,Paid,ACCT304,07-09-2025
INVF000175,VEND002,INV00421,26-08-2025,78,13,1014,Pending,ACCT414,24-09-2025
INVF000176,VEND019,INV00150,05-08-2025,109,4,436,Overdue,ACCT518,25-09-2025
INVF000177,VEND013,INV00393,26-08-2025,94,3,282,Pending,ACCT964,12-09-2025
INVF000178,VEND020,INV00448,22-08-2025,174,4,696,Paid,ACCT389,24-09-2025
INVF000179,VEND012,INV00069,04-08-2025,28,4,112,Overdue,ACCT686,05-09-2025
INVF000180,VEND003,INV00111,28-08-2025,12,18,216,Paid,ACCT474,14-09-2025
INVF000181,VEND004,INV00315,10-08-2025,160,8,1280,Overdue,ACCT642,03-09-2025
INVF000182,VEND006,INV00005,27-08-2025,55,10,550,Overdue,ACCT604,16-09-2025
INVF000183,VEND001,INV00180,31-08-2025,53,4,212,Overdue,ACCT679,12-09-2025
INVF000184,VEND015,INV00208,03-08-2025,104,2,208,Overdue,ACCT146,06-09-2025
INVF000185,VEND007,INV00159,04-08-2025,111,11,1221,Pending,ACCT233,10-09-2025
INVF000186,VEND009,INV00388,21-08-2025,176,7,1232,Paid,ACCT881,21-09-2025
INVF000187,VEND011,INV00449,19-08-2025,153,3,459,Overdue,ACCT204,17-09-2025
INVF000188,VEND008,INV00217,05-08-2025,38,11,418,Paid,ACCT365,13-09-2025
INVF000189,VEND020,INV00498,06-08-2025,10,14,140,Overdue,ACCT549,17-09-2025
INVF000190,VEND006,INV00487,09-08-2025,16,7,112,Paid,ACCT454,06-09-2025
INVF000191,VEND008,INV00067,26-08-2025,65,14,910,Overdue,ACCT531,13-09-2025
INVF000192,VEND011,INV00222,03-08-2025,174,18,3132,Pending,ACCT761,06-09-2025
INVF000193,VEND016,INV00264,01-08-2025,89,19,1691,Pending,ACCT551,06-09-2025
INVF000194,VEND017,INV00452,06-08-2025,72,16,1152,Pending,ACCT347,13-09-2025
INVF000195,VEND001,INV00121,22-08-2025,38,20,760,Pending,ACCT634,17-09-2025
INVF000196,VEND012,INV00474,14-08-2025,110,18,1980,Overdue,ACCT138,01-09-2025
INVF000197,VEND002,INV00160,15-08-2025,123,19,2337,Paid,ACCT101,03-09-2025
INVF000198,VEND004,INV00458,17-08-2025,97,20,1940,Overdue,ACCT788,07-09-2025
INVF000199,VEND013,INV00078,18-08-2025,71,8,568,Pending,ACCT927,01-09-2025
INVF000200,VEND013,INV00431,15-08-2025,105,7,735,Pending,ACCT191,09-09-2025
INVF000201,VEND005,INV00111,21-08-2025,182,16,2912,Pending,ACCT696,19-09-2025
INVF000202,VEND011,INV00026,20-08-2025,123,15,1845,Overdue,ACCT410,03-09-2025
INVF000203,VEND002,INV00425,11-08-2025,21,10,210,Pending,ACCT597,23-09-2025
INVF000204,VEND009,INV00219,26-08-2025,56,9,504,Pending,ACCT791,15-09-2025
INVF000205,VEND003,INV00262,08-08-2025,15,3,45,Overdue,ACCT568,19-09-2025
INVF000206,VEND010,INV00297,27-08-2025,99,16,1584,Overdue,ACCT578,28-09-2025
INVF000207,VEND002,INV00270,20-08-2025,182,3,546,Paid,ACCT361,27-09-2025
INVF000208,VEND014,INV00088,18-08-2025,84,9,756,Pending,ACCT606,27-09-2025
INVF000209,VEND006,INV00494,18-08-2025,134,7,938,Paid,ACCT970,06-09-2025
INVF000210,VEND004,INV00498,21-08-2025,82,6,492,Paid,ACCT868,07-09-2025
INVF000211,VEND005,INV00303,04-08-2025,78,8,624,Paid,ACCT677,07-09-2025
INVF000212,VEND016,INV00066,09-08-2025,44,1,44,Overdue,ACCT947,13-09-2025
INVF000213,VEND016,INV00157,25-08-2025,105,19,1995,Pending,ACCT297,09-09-2025
INVF000214,VEND008,INV00282,03-08-2025,45,16,720,Paid,ACCT710,17-09-2025
INVF000215,VEND011,INV00489,04-08-2025,168,11,1848,Paid,ACCT170,23-09-2025
INVF000216,VEND016,INV00187,01-08-2025,88,16,1408,Paid,ACCT196,15-09-2025
INVF000217,VEND018,INV00012,27-08-2025,159,14,2226,Overdue,ACCT667,27-09-2025
INVF000218,VEND020,INV00387,19-08-2025,138,13,1794,Paid,ACCT824,04-09-2025
INVF000219,VEND013,INV00376,23-08-2025,138,16,2208,Pending,ACCT167,15-09-2025
INVF000220,VEND014,INV00166,26-08-2025,55,5,275,Overdue,ACCT684,10-09-2025
INVF000221,VEND001,INV00327,08-08-2025,192,18,3456,Paid,ACCT232,05-09-2025
INVF000222,VEND013,INV00300,15-08-2025,149,17,2533,Pending,ACCT240,12-09-2025
INVF000223,VEND019,INV00405,17-08-2025,92,20,1840,Pending,ACCT813,28-09-2025
INVF000224,VEND003,INV00103,04-08-2025,136,7,952,Paid,ACCT724,15-09-2025
INVF000225,VEND005,INV00466,07-08-2025,98,4,392,Pending,ACCT716,15-09-2025
INVF000226,VEND010,INV00039,04-08-2025,59,14,826,Pending,ACCT533,25-09-2025
INVF000227,VEND017,INV00161,21-08-2025,90,5,450,Overdue,ACCT304,02-09-2025
INVF000228,VEND011,INV00126,21-08-2025,158,19,3002,Pending,ACCT829,24-09-2025
INVF000229,VEND012,INV00271,05-08-2025,114,15,1710,Pending,ACCT418,14-09-2025
INVF000230,VEND005,INV00104,01-08-2025,171,10,1710,Overdue,ACCT750,30-09-2025
INVF000231,VEND001,INV00489,03-08-2025,145,14,2030,Paid,ACCT477,16-09-2025
INVF000232,VEND013,INV00070,12-08-2025,188,20,3760,Pending,ACCT799,17-09-2025
INVF000233,VEND020,INV00175,23-08-2025,11,19,209,Overdue,ACCT569,16-09-2025
INVF000234,VEND010,INV00030,18-08-2025,183,13,2379,Pending,ACCT700,01-09-2025
INVF000235,VEND003,INV00456,05-08-2025,20,12,240,Paid,ACCT831,19-09-2025
INVF000236,VEND018,INV00225,13-08-2025,184,2,368,Overdue,ACCT138,21-09-2025
INVF000237,VEND004,INV00190,28-08-2025,186,1,186,Pending,ACCT496,18-09-2025
INVF000238,VEND009,INV00409,30-08-2025,43,5,215,Pending,ACCT604,25-09-2025
INVF000239,VEND006,INV00241,08-08-2025,66,14,924,Paid,ACCT171,16-09-2025
INVF000240,VEND003,INV00087,31-08-2025,40,1,40,Pending,ACCT595,15-09-2025
INVF000241,VEND012,INV00235,22-08-2025,123,2,246,Pending,ACCT364,26-09-2025
INVF000242,VEND009,INV00290,26-08-2025,52,20,1040,Paid,ACCT782,29-09-2025
INVF000243,VEND014,INV00090,22-08-2025,30,20,600,Pending,ACCT218,25-09-2025
INVF000244,VEND008,INV00206,11-08-2025,177,17,3009,Paid,ACCT974,19-09-2025
INVF000245,VEND014,INV00380,17-08-2025,130,8,1040,Pending,ACCT739,28-09-2025
INVF000246,VEND015,INV00373,21-08-2025,32,12,384,Overdue,ACCT127,02-09-2025
INVF000247,VEND001,INV00120,14-08-2025,141,11,1551,Paid,ACCT120,29-09-2025
INVF000248,VEND016,INV00154,28-08-2025,106,5,530,Overdue,ACCT821,18-09-2025
INVF000249,VEND007,INV00143,03-08-2025,55,19,1045,Pending,ACCT214,26-09-2025
INVF000250,VEND015,INV00203,27-08-2025,83,8,664,Pending,ACCT980,30-09-2025
INVF000251,VEND019,INV00234,11-08-2025,117,3,351,Overdue,ACCT938,03-09-2025
INVF000252,VEND004,INV00241,11-08-2025,172,14,2408,Overdue,ACCT812,10-09-2025
INVF000253,VEND018,INV00252,10-08-2025,117,14,1638,Pending,ACCT622,09-09-2025
INVF000254,VEND010,INV00341,18-08-2025,38,6,228,Pending,ACCT684,07-09-2025
INVF000255,VEND015,INV00119,22-08-2025,106,2,212,Overdue,ACCT733,08-09-2025
INVF000256,VEND010,INV00282,18-08-2025,40,16,640,Pending,ACCT666,05-09-2025
INVF000257,VEND014,INV00439,27-08-2025,16,2,32,Paid,ACCT693,26-09-2025
INVF000258,VEND017,INV00048,13-08-2025,130,16,2080,Pending,ACCT894,07-09-2025
INVF000259,VEND008,INV00220,18-08-2025,15,10,150,Pending,ACCT185,15-09-2025
INVF000260,VEND020,INV00424,25-08-2025,163,17,2771,Overdue,ACCT802,07-09-2025
INVF000261,VEND018,INV00497,07-08-2025,116,14,1624,Pending,ACCT481,05-09-2025
INVF000262,VEND017,INV00485,30-08-2025,142,11,1562,Overdue,ACCT266,29-09-2025
INVF000263,VEND013,INV00116,12-08-2025,44,1,44,Overdue,ACCT421,06-09-2025
INVF000264,VEND020,INV00157,13-08-2025,40,14,560,Paid,ACCT231,10-09-2025
INVF000265,VEND016,INV00324,25-08-2025,102,4,408,Paid,ACCT746,18-09-2025
INVF000266,VEND018,INV00401,03-08-2025,138,13,1794,Pending,ACCT545,15-09-2025
INVF000267,VEND010,INV00279,05-08-2025,90,2,180,Overdue,ACCT362,27-09-2025
INVF000268,VEND014,INV00173,05-08-2025,32,13,416,Paid,ACCT917,01-09-2025
INVF000269,VEND019,INV00102,19-08-2025,66,12,792,Pending,ACCT926,22-09-2025
INVF000270,VEND011,INV00267,24-08-2025,191,17,3247,Pending,ACCT561,19-09-2025
INVF000271,VEND009,INV00049,18-08-2025,141,6,846,Pending,ACCT558,12-09-2025
INVF000272,VEND019,INV00077,23-08-2025,15,5,75,Paid,ACCT863,09-09-2025
INVF000273,VEND012,INV00151,04-08-2025,134,15,2010,Paid,ACCT166,16-09-2025
INVF000274,VEND010,INV00308,07-08-2025,144,9,1296,Pending,ACCT751,22-09-2025
INVF000275,VEND005,INV00194,08-08-2025,36,2,72,Pending,ACCT831,26-09-2025
INVF000276,VEND006,INV00191,29-08-2025,68,2,136,Pending,ACCT830,02-09-2025
INVF000277,VEND005,INV00147,08-08-2025,63,19,1197,Pending,ACCT180,14-09-2025
INVF000278,VEND019,INV00232,23-08-2025,19,14,266,Pending,ACCT901,07-09-2025
INVF000279,VEND013,INV00298,06-08-2025,190,12,2280,Pending,ACCT689,18-09-2025
INVF000280,VEND016,INV00116,07-08-2025,13,6,78,Overdue,ACCT478,08-09-2025
INVF000281,VEND010,INV00468,11-08-2025,61,16,976,Overdue,ACCT529,19-09-2025
INVF000282,VEND001,INV00077,23-08-2025,164,4,656,Pending,ACCT129,08-09-2025
INVF000283,VEND016,INV00109,25-08-2025,152,20,3040,Pending,ACCT832,19-09-2025
INVF000284,VEND015,INV00318,26-08-2025,164,2,328,Paid,ACCT352,14-09-2025
INVF000285,VEND016,INV00331,08-08-2025,123,20,2460,Paid,ACCT903,25-09-2025
INVF000286,VEND009,INV00063,28-08-2025,93,12,1116,Paid,ACCT884,30-09-2025
INVF000287,VEND007,INV00463,19-08-2025,28,14,392,Pending,ACCT834,13-09-2025
INVF000288,VEND001,INV00433,27-08-2025,112,18,2016,Paid,ACCT241,10-09-2025
INVF000289,VEND019,INV00454,02-08-2025,189,2,378,Paid,ACCT951,21-09-2025
INVF000290,VEND002,INV00486,29-08-2025,194,20,3880,Paid,ACCT971,14-09-2025
INVF000291,VEND004,INV00451,03-08-2025,200,17,3400,Paid,ACCT487,18-09-2025
INVF000292,VEND016,INV00390,21-08-2025,80,5,400,Pending,ACCT995,26-09-2025
INVF000293,VEND013,INV00334,31-08-2025,76,10,760,Pending,ACCT441,21-09-2025
INVF000294,VEND009,INV00491,27-08-2025,127,20,2540,Pending,ACCT545,04-09-2025
INVF000295,VEND012,INV00080,10-08-2025,128,19,2432,Paid,ACCT650,09-09-2025
INVF000296,VEND010,INV00481,09-08-2025,157,7,1099,Pending,ACCT285,20-09-2025
INVF000297,VEND011,INV00223,14-08-2025,105,5,525,Overdue,ACCT608,23-09-2025
INVF000298,VEND003,INV00029,16-08-2025,71,9,639,Overdue,ACCT819,08-09-2025
INVF000299,VEND020,INV00292,06-08-2025,195,4,780,Paid,ACCT642,09-09-2025
INVF000300,VEND005,INV00385,04-08-2025,166,10,1660,Pending,ACCT914,01-09-2025
INVF000301,VEND014,INV00208,26-08-2025,196,11,2156,Overdue,ACCT257,08-09-2025
INVF000302,VEND012,INV00081,05-08-2025,19,13,247,Paid,ACCT474,10-09-2025
INVF000303,VEND005,INV00014,27-08-2025,115,15,1725,Overdue,ACCT519,28-09-2025
INVF000304,VEND009,INV00394,26-08-2025,14,13,182,Pending,ACCT423,18-09-2025
INVF000305,VEND013,INV00256,29-08-2025,187,16,2992,Paid,ACCT476,20-09-2025
INVF000306,VEND018,INV00220,22-08-2025,188,8,1504,Paid,ACCT290,10-09-2025
INVF000307,VEND004,INV00354,19-08-2025,69,6,414,Overdue,ACCT506,10-09-2025
INVF000308,VEND001,INV00272,09-08-2025,53,12,636,Pending,ACCT634,28-09-2025
INVF000309,VEND012,INV00121,26-08-2025,152,1,152,Overdue,ACCT665,30-09-2025
INVF000310,VEND010,INV00069,05-08-2025,138,1,138,Pending,ACCT588,02-09-2025
INVF000311,VEND012,INV00391,21-08-2025,75,9,675,Pending,ACCT516,22-09-2025
INVF000312,VEND003,INV00229,27-08-2025,177,5,885,Paid,ACCT453,20-09-2025
INVF000313,VEND007,INV00014,27-08-2025,11,9,99,Paid,ACCT228,02-09-2025
INVF000314,VEND016,INV00235,24-08-2025,133,17,2261,Overdue,ACCT118,30-09-2025
INVF000315,VEND011,INV00419,14-08-2025,128,12,1536,Paid,ACCT774,04-09-2025
INVF000316,VEND013,INV00497,01-08-2025,36,10,360,Overdue,ACCT656,29-09-2025
INVF000317,VEND006,INV00249,16-08-2025,168,1,168,Paid,ACCT570,03-09-2025
INVF000318,VEND010,INV00465,16-08-2025,76,12,912,Overdue,ACCT600,02-09-2025
INVF000319,VEND006,INV00127,09-08-2025,136,10,1360,Paid,ACCT764,04-09-2025
INVF000320,VEND007,INV00070,03-08-2025,178,8,1424,Overdue,ACCT546,03-09-2025
INVF000321,VEND018,INV00330,23-08-2025,89,3,267,Overdue,ACCT162,09-09-2025
INVF000322,VEND005,INV00346,11-08-2025,161,3,483,Pending,ACCT921,17-09-2025
INVF000323,VEND019,INV00401,10-08-2025,181,15,2715,Pending,ACCT681,30-09-2025
INVF000324,VEND007,INV00275,15-08-2025,24,20,480,Paid,ACCT307,01-09-2025
INVF000325,VEND015,INV00256,15-08-2025,147,11,1617,Overdue,ACCT914,29-09-2025
INVF000326,VEND014,INV00141,17-08-2025,72,13,936,Pending,ACCT778,03-09-2025
INVF000327,VEND002,INV00034,15-08-2025,186,2,372,Paid,ACCT711,07-09-2025
INVF000328,VEND017,INV00439,22-08-2025,200,18,3600,Overdue,ACCT615,19-09-2025
INVF000329,VEND012,INV00081,25-08-2025,102,1,102,Pending,ACCT318,19-09-2025
INVF000330,VEND012,INV00098,13-08-2025,174,7,1218,Pending,ACCT234,24-09-2025
INVF000331,VEND020,INV00206,07-08-2025,22,7,154,Overdue,ACCT485,11-09-2025
INVF000332,VEND008,INV00095,25-08-2025,125,7,875,Paid,ACCT151,11-09-2025
INVF000333,VEND006,INV00419,13-08-2025,195,5,975,Pending,ACCT347,29-09-2025
INVF000334,VEND001,INV00143,20-08-2025,86,3,258,Pending,ACCT738,08-09-2025
INVF000335,VEND005,INV00086,21-08-2025,140,7,980,Paid,ACCT984,11-09-2025
INVF000336,VEND006,INV00313,14-08-2025,160,2,320,Paid,ACCT691,20-09-2025
INVF000337,VEND018,INV00228,28-08-2025,157,10,1570,Pending,ACCT406,10-09-2025
INVF000338,VEND012,INV00263,05-08-2025,162,20,3240,Pending,ACCT708,13-09-2025
INVF000339,VEND005,INV00172,09-08-2025,181,4,724,Overdue,ACCT149,08-09-2025
INVF000340,VEND012,INV00031,14-08-2025,14,10,140,Paid,ACCT906,27-09-2025
INVF000341,VEND020,INV00026,21-08-2025,38,17,646,Overdue,ACCT826,20-09-2025
INVF000342,VEND002,INV00064,18-08-2025,148,1,148,Paid,ACCT614,04-09-2025
INVF000343,VEND013,INV00416,31-08-2025,26,1,26,Paid,ACCT263,05-09-2025
INVF000344,VEND016,INV00226,31-08-2025,38,13,494,Overdue,ACCT555,29-09-2025
INVF000345,VEND019,INV00223,02-08-2025,29,20,580,Overdue,ACCT680,05-09-2025
INVF000346,VEND007,INV00289,04-08-2025,16,15,240,Overdue,ACCT437,01-09-2025
INVF000347,VEND019,INV00097,07-08-2025,147,12,1764,Pending,ACCT572,19-09-2025
INVF000348,VEND012,INV00046,26-08-2025,89,3,267,Paid,ACCT720,15-09-2025
INVF000349,VEND003,INV00461,27-08-2025,103,9,927,Paid,ACCT872,14-09-2025
INVF000350,VEND009,INV00307,18-08-2025,35,14,490,Pending,ACCT999,12-09-2025
INVF000351,VEND017,INV00410,12-08-2025,110,15,1650,Overdue,ACCT795,21-09-2025
INVF000352,VEND014,INV00332,16-08-2025,169,15,2535,Paid,ACCT282,01-09-2025
INVF000353,VEND016,INV00323,15-08-2025,15,8,120,Pending,ACCT834,26-09-2025
INVF000354,VEND017,INV00222,02-08-2025,99,13,1287,Paid,ACCT646,30-09-2025
INVF000355,VEND011,INV00401,03-08-2025,70,19,1330,Overdue,ACCT979,18-09-2025
INVF000356,VEND008,INV00277,09-08-2025,61,5,305,Pending,ACCT109,15-09-2025
INVF000357,VEND017,INV00216,09-08-2025,137,14,1918,Paid,ACCT758,09-09-2025
INVF000358,VEND005,INV00361,04-08-2025,77,11,847,Overdue,ACCT481,03-09-2025
INVF000359,VEND016,INV00416,05-08-2025,155,6,930,Pending,ACCT836,24-09-2025
INVF000360,VEND008,INV00083,19-08-2025,30,4,120,Overdue,ACCT965,23-09-2025
INVF000361,VEND006,INV00149,29-08-2025,152,18,2736,Pending,ACCT983,29-09-2025
INVF000362,VEND009,INV00471,11-08-2025,153,15,2295,Paid,ACCT816,23-09-2025
INVF000363,VEND013,INV00035,10-08-2025,39,3,117,Pending,ACCT678,28-09-2025
INVF000364,VEND008,INV00062,10-08-2025,118,14,1652,Paid,ACCT899,02-09-2025
INVF000365,VEND007,INV00036,03-08-2025,127,9,1143,Overdue,ACCT150,11-09-2025
INVF000366,VEND019,INV00100,29-08-2025,14,11,154,Pending,ACCT723,09-09-2025
INVF000367,VEND015,INV00462,06-08-2025,119,15,1785,Overdue,ACCT967,03-09-2025
INVF000368,VEND002,INV00062,02-08-2025,67,12,804,Pending,ACCT913,17-09-2025
INVF000369,VEND016,INV00357,13-08-2025,151,17,2567,Pending,ACCT497,02-09-2025
INVF000370,VEND005,INV00065,26-08-2025,68,11,748,Paid,ACCT148,19-09-2025
INVF000371,VEND013,INV00207,02-08-2025,70,12,840,Pending,ACCT971,01-09-2025
INVF000372,VEND013,INV00248,12-08-2025,119,4,476,Pending,ACCT836,08-09-2025
INVF000373,VEND001,INV00366,27-08-2025,74,15,1110,Pending,ACCT429,24-09-2025
INVF000374,VEND010,INV00265,10-08-2025,187,20,3740,Overdue,ACCT249,30-09-2025
INVF000375,VEND019,INV00476,05-08-2025,72,6,432,Pending,ACCT856,16-09-2025
INVF000376,VEND013,INV00383,10-08-2025,93,6,558,Paid,ACCT965,22-09-2025
INVF000377,VEND009,INV00229,09-08-2025,103,19,1957,Paid,ACCT909,07-09-2025
INVF000378,VEND009,INV00084,28-08-2025,103,12,1236,Overdue,ACCT756,05-09-2025
INVF000379,VEND010,INV00495,10-08-2025,18,12,216,Paid,ACCT499,21-09-2025
INVF000380,VEND010,INV00394,06-08-2025,196,9,1764,Paid,ACCT894,22-09-2025
INVF000381,VEND015,INV00163,09-08-2025,149,15,2235,Pending,ACCT260,27-09-2025
INVF000382,VEND019,INV00051,16-08-2025,132,13,1716,Paid,ACCT927,08-09-2025
INVF000383,VEND017,INV00299,23-08-2025,49,6,294,Overdue,ACCT574,08-09-2025
INVF000384,VEND004,INV00142,16-08-2025,84,12,1008,Overdue,ACCT626,28-09-2025
INVF000385,VEND013,INV00329,19-08-2025,77,10,770,Pending,ACCT594,04-09-2025
INVF000386,VEND015,INV00422,11-08-2025,31,9,279,Overdue,ACCT579,23-09-2025
INVF000387,VEND002,INV00402,19-08-2025,57,15,855,Overdue,ACCT749,26-09-2025
INVF000388,VEND008,INV00235,10-08-2025,66,1,66,Pending,ACCT562,06-09-2025
INVF000389,VEND011,INV00033,05-08-2025,159,11,1749,Paid,ACCT578,02-09-2025
INVF000390,VEND017,INV00165,01-08-2025,195,17,3315,Overdue,ACCT518,13-09-2025
INVF000391,VEND003,INV00334,30-08-2025,23,17,391,Paid,ACCT213,23-09-2025
INVF000392,VEND014,INV00480,12-08-2025,72,19,1368,Pending,ACCT515,07-09-2025
INVF000393,VEND010,INV00449,19-08-2025,143,8,1144,Paid,ACCT155,19-09-2025
INVF000394,VEND007,INV00200,17-08-2025,24,6,144,Paid,ACCT907,16-09-2025
INVF000395,VEND006,INV00153,19-08-2025,147,4,588,Overdue,ACCT705,12-09-2025
INVF000396,VEND010,INV00003,03-08-2025,200,17,3400,Overdue,ACCT529,21-09-2025
INVF000397,VEND001,INV00130,26-08-2025,39,19,741,Overdue,ACCT496,13-09-2025
INVF000398,VEND019,INV00200,19-08-2025,46,2,92,Paid,ACCT484,05-09-2025
INVF000399,VEND009,INV00417,07-08-2025,22,8,176,Overdue,ACCT511,03-09-2025
INVF000400,VEND005,INV00385,17-08-2025,29,13,377,Overdue,ACCT433,14-09-2025
INVF000401,VEND018,INV00457,03-08-2025,35,7,245,Pending,ACCT457,12-09-2025
INVF000402,VEND010,INV00214,14-08-2025,17,10,170,Pending,ACCT586,19-09-2025
INVF000403,VEND009,INV00363,13-08-2025,126,18,2268,Overdue,ACCT445,09-09-2025
INVF000404,VEND020,INV00166,28-08-2025,161,16,2576,Pending,ACCT506,02-09-2025
INVF000405,VEND001,INV00268,10-08-2025,13,5,65,Overdue,ACCT113,09-09-2025
INVF000406,VEND016,INV00415,24-08-2025,38,7,266,Paid,ACCT840,17-09-2025
INVF000407,VEND002,INV00425,16-08-2025,151,11,1661,Paid,ACCT732,24-09-2025
INVF000408,VEND008,INV00112,08-08-2025,64,6,384,Overdue,ACCT738,05-09-2025
INVF000409,VEND019,INV00180,18-08-2025,85,14,1190,Overdue,ACCT154,15-09-2025
INVF000410,VEND016,INV00436,31-08-2025,181,8,1448,Overdue,ACCT752,27-09-2025
INVF000411,VEND007,INV00081,01-08-2025,136,19,2584,Paid,ACCT766,23-09-2025
INVF000412,VEND010,INV00198,01-08-2025,196,13,2548,Pending,ACCT821,06-09-2025
INVF000413,VEND007,INV00278,16-08-2025,112,14,1568,Pending,ACCT994,24-09-2025
INVF000414,VEND011,INV00026,13-08-2025,109,4,436,Paid,ACCT374,24-09-2025
INVF000415,VEND016,INV00249,14-08-2025,39,2,78,Paid,ACCT502,08-09-2025
INVF000416,VEND011,INV00110,28-08-2025,57,18,1026,Overdue,ACCT419,13-09-2025
INVF000417,VEND007,INV00390,25-08-2025,153,1,153,Overdue,ACCT652,15-09-2025
INVF000418,VEND009,INV00282,31-08-2025,136,10,1360,Paid,ACCT713,05-09-2025
INVF000419,VEND005,INV00047,31-08-2025,175,10,1750,Pending,ACCT233,27-09-2025
INVF000420,VEND005,INV00223,17-08-2025,86,19,1634,Paid,ACCT936,17-09-2025
INVF000421,VEND015,INV00065,04-08-2025,29,4,116,Paid,ACCT392,25-09-2025
INVF000422,VEND013,INV00302,06-08-2025,122,11,1342,Pending,ACCT756,28-09-2025
INVF000423,VEND002,INV00241,08-08-2025,90,4,360,Pending,ACCT602,04-09-2025
INVF000424,VEND016,INV00456,03-08-2025,192,12,2304,Pending,ACCT808,04-09-2025
INVF000425,VEND003,INV00017,10-08-2025,140,11,1540,Pending,ACCT537,28-09-2025
INVF000426,VEND006,INV00415,26-08-2025,88,18,1584,Overdue,ACCT448,04-09-2025
INVF000427,VEND005,INV00355,01-08-2025,115,8,920,Pending,ACCT153,18-09-2025
INVF000428,VEND010,INV00157,04-08-2025,138,5,690,Paid,ACCT586,05-09-2025
INVF000429,VEND001,INV00415,10-08-2025,40,19,760,Paid,ACCT423,01-09-2025
INVF000430,VEND009,INV00441,23-08-2025,62,10,620,Overdue,ACCT578,24-09-2025
INVF000431,VEND011,INV00289,27-08-2025,131,16,2096,Paid,ACCT971,10-09-2025
INVF000432,VEND003,INV00232,15-08-2025,81,2,162,Overdue,ACCT631,12-09-2025
INVF000433,VEND008,INV00053,04-08-2025,73,4,292,Overdue,ACCT992,10-09-2025
INVF000434,VEND004,INV00064,16-08-2025,78,12,936,Pending,ACCT444,01-09-2025
INVF000435,VEND017,INV00417,09-08-2025,117,9,1053,Pending,ACCT998,20-09-2025
INVF000436,VEND007,INV00411,08-08-2025,41,2,82,Overdue,ACCT539,18-09-2025
INVF000437,VEND016,INV00389,01-08-2025,141,12,1692,Paid,ACCT353,21-09-2025
INVF000438,VEND017,INV00019,31-08-2025,28,14,392,Paid,ACCT741,20-09-2025
INVF000439,VEND016,INV00032,05-08-2025,129,17,2193,Pending,ACCT915,20-09-2025
INVF000440,VEND019,INV00323,05-08-2025,147,2,294,Pending,ACCT336,23-09-2025
INVF000441,VEND017,INV00445,15-08-2025,44,12,528,Pending,ACCT416,17-09-2025
INVF000442,VEND005,INV00013,14-08-2025,142,3,426,Paid,ACCT518,23-09-2025
INVF000443,VEND002,INV00367,03-08-2025,179,1,179,Paid,ACCT405,30-09-2025
INVF000444,VEND002,INV00381,24-08-2025,157,19,2983,Pending,ACCT179,06-09-2025
INVF000445,VEND012,INV00276,24-08-2025,125,18,2250,Pending,ACCT588,08-09-2025
INVF000446,VEND011,INV00053,16-08-2025,104,17,1768,Overdue,ACCT423,08-09-2025
INVF000447,VEND018,INV00210,28-08-2025,159,4,636,Paid,ACCT806,24-09-2025
INVF000448,VEND019,INV00112,24-08-2025,44,5,220,Overdue,ACCT769,16-09-2025
INVF000449,VEND005,INV00034,03-08-2025,163,9,1467,Overdue,ACCT215,10-09-2025
INVF000450,VEND012,INV00154,01-08-2025,124,18,2232,Pending,ACCT949,12-09-2025
INVF000451,VEND008,INV00189,15-08-2025,47,5,235,Overdue,ACCT344,19-09-2025
INVF000452,VEND001,INV00008,27-08-2025,153,12,1836,Overdue,ACCT952,17-09-2025
INVF000453,VEND004,INV00498,13-08-2025,167,18,3006,Pending,ACCT401,11-09-2025
INVF000454,VEND007,INV00295,27-08-2025,12,20,240,Overdue,ACCT577,09-09-2025
INVF000455,VEND018,INV00373,25-08-2025,53,7,371,Pending,ACCT790,28-09-2025
INVF000456,VEND016,INV00185,26-08-2025,76,3,228,Pending,ACCT776,13-09-2025
INVF000457,VEND013,INV00073,06-08-2025,52,11,572,Paid,ACCT407,11-09-2025
INVF000458,VEND015,INV00296,13-08-2025,53,12,636,Paid,ACCT142,30-09-2025
INVF000459,VEND008,INV00340,24-08-2025,110,7,770,Paid,ACCT331,23-09-2025
INVF000460,VEND011,INV00469,22-08-2025,183,14,2562,Overdue,ACCT234,24-09-2025
INVF000461,VEND013,INV00064,25-08-2025,55,15,825,Pending,ACCT963,21-09-2025
INVF000462,VEND009,INV00053,01-08-2025,51,6,306,Overdue,ACCT357,13-09-2025
INVF000463,VEND017,INV00094,19-08-2025,43,7,301,Pending,ACCT981,29-09-2025
INVF000464,VEND013,INV00257,02-08-2025,105,20,2100,Overdue,ACCT320,23-09-2025
INVF000465,VEND008,INV00122,11-08-2025,161,15,2415,Paid,ACCT321,01-09-2025
INVF000466,VEND017,INV00362,20-08-2025,43,11,473,Pending,ACCT611,03-09-2025
INVF000467,VEND001,INV00450,20-08-2025,43,7,301,Paid,ACCT935,03-09-2025
INVF000468,VEND001,INV00430,31-08-2025,90,2,180,Overdue,ACCT905,03-09-2025
INVF000469,VEND002,INV00247,07-08-2025,64,4,256,Overdue,ACCT917,30-09-2025
INVF000470,VEND006,INV00113,03-08-2025,15,17,255,Pending,ACCT763,21-09-2025
INVF000471,VEND002,INV00349,13-08-2025,152,19,2888,Pending,ACCT249,02-09-2025
INVF000472,VEND004,INV00065,29-08-2025,78,19,1482,Paid,ACCT891,24-09-2025
INVF000473,VEND001,INV00408,09-08-2025,38,8,304,Pending,ACCT597,30-09-2025
INVF000474,VEND006,INV00341,30-08-2025,96,5,480,Paid,ACCT923,26-09-2025
INVF000475,VEND011,INV00138,31-08-2025,167,20,3340,Overdue,ACCT959,03-09-2025
INVF000476,VEND006,INV00400,14-08-2025,115,10,1150,Paid,ACCT973,25-09-2025
INVF000477,VEND003,INV00032,03-08-2025,130,12,1560,Paid,ACCT559,13-09-2025
INVF000478,VEND006,INV00486,17-08-2025,13,5,65,Overdue,ACCT781,14-09-2025
INVF000479,VEND007,INV00354,29-08-2025,57,7,399,Paid,ACCT451,28-09-2025
INVF000480,VEND016,INV00063,01-08-2025,195,6,1170,Paid,ACCT921,13-09-2025
INVF000481,VEND012,INV00347,15-08-2025,179,15,2685,Pending,ACCT721,28-09-2025
INVF000482,VEND019,INV00340,12-08-2025,92,4,368,Paid,ACCT292,04-09-2025
INVF000483,VEND007,INV00040,03-08-2025,29,16,464,Overdue,ACCT676,30-09-2025
INVF000484,VEND013,INV00267,15-08-2025,91,19,1729,Pending,ACCT971,29-09-2025
INVF000485,VEND004,INV00073,21-08-2025,114,19,2166,Paid,ACCT568,24-09-2025
INVF000486,VEND008,INV00218,12-08-2025,139,10,1390,Pending,ACCT544,19-09-2025
INVF000487,VEND003,INV00255,09-08-2025,128,8,1024,Overdue,ACCT735,22-09-2025
INVF000488,VEND004,INV00038,31-08-2025,55,20,1100,Paid,ACCT596,02-09-2025
INVF000489,VEND020,INV00018,28-08-2025,75,4,300,Overdue,ACCT650,10-09-2025
INVF000490,VEND020,INV00455,07-08-2025,50,13,650,Pending,ACCT838,24-09-2025
INVF000491,VEND003,INV00079,13-08-2025,184,16,2944,Pending,ACCT652,02-09-2025
INVF000492,VEND005,INV00180,20-08-2025,162,11,1782,Paid,ACCT531,17-09-2025
INVF000493,VEND009,INV00380,13-08-2025,137,13,1781,Paid,ACCT302,10-09-2025
INVF000494,VEND008,INV00444,03-08-2025,124,5,620,Paid,ACCT567,15-09-2025
INVF000495,VEND005,INV00426,01-08-2025,113,15,1695,Pending,ACCT946,25-09-2025
INVF000496,VEND015,INV00264,30-08-2025,115,19,2185,Pending,ACCT924,09-09-2025
INVF000497,VEND013,INV00099,09-08-2025,65,3,195,Overdue,ACCT556,04-09-2025
INVF000498,VEND001,INV00405,15-08-2025,80,16,1280,Paid,ACCT511,15-09-2025
INVF000499,VEND010,INV00278,19-08-2025,145,9,1305,Pending,ACCT218,30-09-2025
INVF000500,VEND009,INV00104,04-08-2025,23,11,253,Overdue,ACCT539,07-09-2025
