Date,Inventory_ID,Opening_Stock,Quantity_Consumed,Quantity_Restocked,Closing_Stock,Vendor_ID,Lead_Time_Days,Department_Count,Min Stock,Max Capacity,Item_Name,Form,Use
27-08-2025,INV00001,198,11,23,210,VEND017,2,2,36,919,Surgical Cap,Device,Surgical
18-08-2025,INV00002,137,32,24,129,VEND006,7,4,45,888,Scalpel,Device,Surgical
03-08-2025,INV00003,167,39,35,163,VEND017,9,1,23,560,Scalpel,Device,Surgical
16-08-2025,INV00004,290,30,38,298,VEND008,3,5,42,266,Face Mask,Device,Consumable
31-08-2025,INV00005,325,38,31,318,VEND005,9,5,29,726,Syringe 5ml,Device,Consumable
09-08-2025,INV00006,52,22,97,127,VEND018,2,2,35,558,Gauze 10x10cm,Bandage,Surgical
29-08-2025,INV00007,281,8,49,322,VEND012,7,4,29,664,Ceftriaxone 1g,Injection,Antibiotic
24-08-2025,INV00008,243,39,38,242,VEND008,8,5,26,459,Gauze 10x10cm,Bandage,Surgical
13-08-2025,INV00009,190,44,89,235,VEND012,2,4,20,587,Ceftriaxone 1g,Injection,Antibiotic
13-08-2025,INV00010,218,36,63,245,VEND008,6,2,13,410,Insulin 10ml,Injection,Diabetic
22-08-2025,INV00011,239,30,98,307,VEND015,8,1,18,795,Amoxicillin 250mg,Capsule,Antibiotic
25-08-2025,INV00012,72,8,57,121,VEND015,1,5,46,807,Insulin 10ml,Injection,Diabetic
12-08-2025,INV00013,357,35,44,366,VEND005,2,1,10,409,Bandage 2cm,Bandage,Surgical
09-08-2025,INV00014,309,20,80,369,VEND017,10,1,10,230,Scalpel,Device,Surgical
12-08-2025,INV00015,113,42,61,132,VEND004,6,4,21,568,Oximeter,Device,Medical Equipment
29-08-2025,INV00016,101,37,70,134,VEND013,1,3,49,408,IV Set,Device,Consumable
11-08-2025,INV00017,77,12,88,153,VEND019,7,4,42,971,Vitamin C 500mg,Tablet,Vitamin
20-08-2025,INV00018,293,2,72,363,VEND011,4,2,32,346,Oximeter,Device,Medical Equipment
09-08-2025,INV00019,415,17,84,482,VEND014,4,2,36,922,Gauze 10x10cm,Bandage,Surgical
22-08-2025,INV00020,111,33,51,129,VEND015,7,4,38,648,Gauze 10x10cm,Bandage,Surgical
24-08-2025,INV00021,297,0,39,336,VEND001,9,5,43,148,Antiseptic Solution,Liquid,Surgical
12-08-2025,INV00022,437,17,43,463,VEND013,1,2,10,248,Acetaminophen 500mg,Tablet,Pain Relief
26-08-2025,INV00023,443,7,94,530,VEND020,1,2,49,746,Thermometer,Device,Medical Equipment
29-08-2025,INV00024,298,44,45,299,VEND012,4,1,14,930,IV Set,Device,Consumable
17-08-2025,INV00025,416,15,63,464,VEND009,1,1,44,562,Oximeter,Device,Medical Equipment
01-08-2025,INV00026,269,45,97,321,VEND013,4,1,25,285,Saline 500ml,Liquid,Consumable
19-08-2025,INV00027,167,5,97,259,VEND014,7,2,26,913,Scalpel,Device,Surgical
01-08-2025,INV00028,389,27,92,454,VEND004,4,4,29,143,IV Set,Device,Consumable
16-08-2025,INV00029,270,26,52,296,VEND012,5,1,45,827,Antiseptic Solution,Liquid,Surgical
13-08-2025,INV00030,99,43,36,92,VEND011,4,1,37,806,Scalpel,Device,Surgical
21-08-2025,INV00031,264,26,20,258,VEND015,7,4,13,415,Vitamin C 500mg,Tablet,Vitamin
19-08-2025,INV00032,144,7,86,223,VEND020,3,2,37,309,Gauze 10x10cm,Bandage,Surgical
09-08-2025,INV00033,308,46,21,283,VEND011,9,1,21,981,Bandage 2cm,Bandage,Surgical
12-08-2025,INV00034,363,45,83,401,VEND004,10,5,47,496,Syringe 5ml,Device,Consumable
20-08-2025,INV00035,292,44,56,304,VEND005,9,1,42,778,Saline 500ml,Liquid,Consumable
14-08-2025,INV00036,283,8,40,315,VEND011,10,5,20,996,Stethoscope,Device,Medical Equipment
10-08-2025,INV00037,490,28,76,538,VEND004,3,2,16,764,Scalpel,Device,Surgical
14-08-2025,INV00038,112,11,53,154,VEND002,8,3,21,951,Surgical Cap,Device,Surgical
03-08-2025,INV00039,162,41,76,197,VEND009,2,4,27,251,Gloves Nitrile,Device,Consumable
24-08-2025,INV00040,490,11,75,554,VEND018,2,1,34,722,Thermometer,Device,Medical Equipment
01-08-2025,INV00041,223,0,30,253,VEND002,8,2,10,907,Acetaminophen 500mg,Tablet,Pain Relief
10-08-2025,INV00042,195,36,72,231,VEND009,2,3,25,567,Oximeter,Device,Medical Equipment
19-08-2025,INV00043,144,18,87,213,VEND005,5,2,26,550,Vitamin C 500mg,Tablet,Vitamin
03-08-2025,INV00044,85,6,62,141,VEND006,5,4,24,925,Insulin 10ml,Injection,Diabetic
19-08-2025,INV00045,293,37,68,324,VEND010,8,5,44,648,Paracetamol Syrup,Syrup,Pain Relief
21-08-2025,INV00046,362,37,40,365,VEND019,10,5,19,264,Stethoscope,Device,Medical Equipment
05-08-2025,INV00047,263,24,75,314,VEND002,3,2,23,681,Ibuprofen 200mg,Capsule,Pain Relief
23-08-2025,INV00048,414,18,3,399,VEND012,6,4,15,479,Gloves Nitrile,Device,Consumable
10-08-2025,INV00049,200,17,69,252,VEND018,4,2,20,633,Acetaminophen 500mg,Tablet,Pain Relief
14-08-2025,INV00050,170,43,69,196,VEND011,10,2,47,480,Surgical Cap,Device,Surgical
15-08-2025,INV00051,96,23,100,173,VEND002,5,5,16,757,Surgical Cap,Device,Surgical
31-08-2025,INV00052,329,37,97,389,VEND006,4,5,26,503,Face Mask,Device,Consumable
04-08-2025,INV00053,341,31,33,343,VEND006,5,3,27,157,Amoxicillin 250mg,Capsule,Antibiotic
27-08-2025,INV00054,268,41,0,227,VEND001,8,2,12,407,Stethoscope,Device,Medical Equipment
10-08-2025,INV00055,175,13,16,178,VEND012,2,4,41,503,Antiseptic Solution,Liquid,Surgical
26-08-2025,INV00056,244,32,91,303,VEND012,2,3,23,565,IV Set,Device,Consumable
25-08-2025,INV00057,394,1,14,407,VEND006,7,2,38,123,Bandage 2cm,Bandage,Surgical
08-08-2025,INV00058,155,3,53,205,VEND008,5,2,21,229,IV Set,Device,Consumable
06-08-2025,INV00059,321,18,47,350,VEND019,2,5,24,317,Surgical Cap,Device,Surgical
27-08-2025,INV00060,166,11,46,201,VEND013,2,3,41,423,Ibuprofen 200mg,Capsule,Pain Relief
17-08-2025,INV00061,67,44,64,87,VEND015,6,3,17,366,Vitamin C 500mg,Tablet,Vitamin
07-08-2025,INV00062,441,35,45,451,VEND017,2,4,15,413,Surgical Cap,Device,Surgical
30-08-2025,INV00063,59,49,48,58,VEND013,4,5,43,164,Scalpel,Device,Surgical
15-08-2025,INV00064,430,12,19,437,VEND004,8,4,45,904,Gauze 10x10cm,Bandage,Surgical
24-08-2025,INV00065,205,30,80,255,VEND019,2,3,50,506,Gauze 10x10cm,Bandage,Surgical
05-08-2025,INV00066,57,26,13,44,VEND018,2,5,47,148,Oximeter,Device,Medical Equipment
10-08-2025,INV00067,295,9,75,361,VEND005,10,5,41,889,Scalpel,Device,Surgical
20-08-2025,INV00068,428,13,94,509,VEND015,5,2,20,616,Face Mask,Device,Consumable
19-08-2025,INV00069,392,29,87,450,VEND014,5,5,32,346,Gauze 10x10cm,Bandage,Surgical
01-08-2025,INV00070,469,2,89,556,VEND001,3,1,27,350,Amoxicillin 250mg,Capsule,Antibiotic
31-08-2025,INV00071,140,37,42,145,VEND007,1,2,46,286,Gloves Nitrile,Device,Consumable
25-08-2025,INV00072,69,6,85,148,VEND020,10,3,49,782,Scalpel,Device,Surgical
17-08-2025,INV00073,246,37,70,279,VEND005,4,5,43,349,Gauze 10x10cm,Bandage,Surgical
28-08-2025,INV00074,358,13,57,402,VEND015,10,4,30,606,Vitamin C 500mg,Tablet,Vitamin
08-08-2025,INV00075,64,45,62,81,VEND009,6,4,32,657,Vitamin C 500mg,Tablet,Vitamin
25-08-2025,INV00076,430,46,22,406,VEND004,8,1,31,231,Face Mask,Device,Consumable
21-08-2025,INV00077,230,19,20,231,VEND009,4,2,14,949,Paracetamol Syrup,Syrup,Pain Relief
27-08-2025,INV00078,474,3,41,512,VEND001,3,4,38,920,Thermometer,Device,Medical Equipment
23-08-2025,INV00079,65,48,20,37,VEND020,3,5,35,655,Ibuprofen 200mg,Capsule,Pain Relief
28-08-2025,INV00080,352,25,54,381,VEND016,10,5,16,906,Acetaminophen 500mg,Tablet,Pain Relief
04-08-2025,INV00081,132,7,46,171,VEND008,3,1,36,604,Surgical Cap,Device,Surgical
08-08-2025,INV00082,446,10,92,528,VEND003,2,3,11,549,IV Set,Device,Consumable
27-08-2025,INV00083,382,8,34,408,VEND006,8,3,36,852,Scalpel,Device,Surgical
29-08-2025,INV00084,433,13,1,421,VEND020,10,3,47,447,Ibuprofen 200mg,Capsule,Pain Relief
29-08-2025,INV00085,296,17,97,376,VEND013,6,4,17,117,Oximeter,Device,Medical Equipment
03-08-2025,INV00086,257,38,2,221,VEND013,5,5,30,885,IV Set,Device,Consumable
29-08-2025,INV00087,489,31,12,470,VEND006,8,2,41,129,Thermometer,Device,Medical Equipment
06-08-2025,INV00088,138,6,84,216,VEND015,4,5,28,254,Saline 500ml,Liquid,Consumable
01-08-2025,INV00089,77,4,35,108,VEND004,7,5,33,657,Face Mask,Device,Consumable
19-08-2025,INV00090,305,3,71,373,VEND002,3,3,18,251,IV Set,Device,Consumable
12-08-2025,INV00091,351,24,61,388,VEND004,10,4,12,462,Scalpel,Device,Surgical
16-08-2025,INV00092,440,18,12,434,VEND017,7,3,12,621,Gauze 10x10cm,Bandage,Surgical
31-08-2025,INV00093,171,22,83,232,VEND012,6,5,21,968,Syringe 5ml,Device,Consumable
13-08-2025,INV00094,315,13,95,397,VEND011,6,4,10,679,Thermometer,Device,Medical Equipment
29-08-2025,INV00095,209,17,55,247,VEND002,2,4,48,670,Saline 500ml,Liquid,Consumable
12-08-2025,INV00096,287,34,44,297,VEND020,7,5,15,268,Ibuprofen 200mg,Capsule,Pain Relief
16-08-2025,INV00097,332,25,44,351,VEND005,1,4,30,898,Gloves Nitrile,Device,Consumable
24-08-2025,INV00098,96,35,8,69,VEND003,6,2,47,248,Face Mask,Device,Consumable
01-08-2025,INV00099,499,36,100,563,VEND014,3,4,41,635,Ceftriaxone 1g,Injection,Antibiotic
13-08-2025,INV00100,151,40,42,153,VEND018,7,4,21,825,Ibuprofen 200mg,Capsule,Pain Relief
24-08-2025,INV00101,398,11,88,475,VEND002,3,3,38,225,Oximeter,Device,Medical Equipment
17-08-2025,INV00102,84,9,40,115,VEND011,8,5,21,644,Thermometer,Device,Medical Equipment
01-08-2025,INV00103,306,7,95,394,VEND003,4,3,19,127,Syringe 5ml,Device,Consumable
11-08-2025,INV00104,388,0,3,391,VEND005,3,2,34,107,Face Mask,Device,Consumable
03-08-2025,INV00105,260,29,99,330,VEND007,5,4,18,519,Saline 500ml,Liquid,Consumable
21-08-2025,INV00106,264,24,29,269,VEND001,1,3,42,620,Saline 500ml,Liquid,Consumable
23-08-2025,INV00107,479,19,49,509,VEND014,4,3,48,841,Gloves Nitrile,Device,Consumable
23-08-2025,INV00108,344,8,47,383,VEND012,7,4,15,712,Face Mask,Device,Consumable
05-08-2025,INV00109,253,14,33,272,VEND017,7,4,11,939,Scalpel,Device,Surgical
22-08-2025,INV00110,100,2,77,175,VEND004,9,4,28,775,Insulin 10ml,Injection,Diabetic
16-08-2025,INV00111,298,38,5,265,VEND007,3,1,41,542,Gauze 10x10cm,Bandage,Surgical
10-08-2025,INV00112,97,6,41,132,VEND019,6,2,16,125,Bandage 2cm,Bandage,Surgical
10-08-2025,INV00113,389,11,28,406,VEND005,3,2,46,535,Syringe 5ml,Device,Consumable
10-08-2025,INV00114,186,7,94,273,VEND004,4,4,29,660,Amoxicillin 250mg,Capsule,Antibiotic
01-08-2025,INV00115,360,9,79,430,VEND009,6,2,14,874,Scalpel,Device,Surgical
30-08-2025,INV00116,485,38,80,527,VEND011,8,5,15,820,Scalpel,Device,Surgical
20-08-2025,INV00117,428,0,85,513,VEND019,1,4,37,974,Thermometer,Device,Medical Equipment
10-08-2025,INV00118,286,36,20,270,VEND019,5,5,41,166,Gauze 10x10cm,Bandage,Surgical
20-08-2025,INV00119,77,8,63,132,VEND012,7,5,21,714,Acetaminophen 500mg,Tablet,Pain Relief
28-08-2025,INV00120,75,44,35,66,VEND016,4,3,11,558,IV Set,Device,Consumable
04-08-2025,INV00121,333,17,77,393,VEND018,10,1,17,570,Paracetamol Syrup,Syrup,Pain Relief
29-08-2025,INV00122,455,8,23,470,VEND001,8,2,47,946,Ibuprofen 200mg,Capsule,Pain Relief
08-08-2025,INV00123,130,15,53,168,VEND001,1,4,31,471,Ibuprofen 200mg,Capsule,Pain Relief
19-08-2025,INV00124,344,6,44,382,VEND005,2,5,39,604,Paracetamol Syrup,Syrup,Pain Relief
12-08-2025,INV00125,427,16,100,511,VEND009,4,4,17,467,Vitamin C 500mg,Tablet,Vitamin
18-08-2025,INV00126,427,46,94,475,VEND006,3,5,25,480,Scalpel,Device,Surgical
07-08-2025,INV00127,419,24,12,407,VEND012,3,1,35,643,Antiseptic Solution,Liquid,Surgical
26-08-2025,INV00128,177,30,76,223,VEND005,9,5,26,324,IV Set,Device,Consumable
13-08-2025,INV00129,444,30,90,504,VEND012,10,5,31,896,Syringe 5ml,Device,Consumable
24-08-2025,INV00130,152,42,65,175,VEND011,6,4,39,587,IV Set,Device,Consumable
08-08-2025,INV00131,469,18,44,495,VEND015,5,4,48,977,Amoxicillin 250mg,Capsule,Antibiotic
07-08-2025,INV00132,264,30,66,300,VEND006,10,3,39,124,Syringe 5ml,Device,Consumable
24-08-2025,INV00133,74,15,17,76,VEND005,4,4,14,103,Insulin 10ml,Injection,Diabetic
01-08-2025,INV00134,205,38,14,181,VEND005,5,5,29,651,Ceftriaxone 1g,Injection,Antibiotic
04-08-2025,INV00135,353,12,81,422,VEND014,7,5,22,491,Oximeter,Device,Medical Equipment
20-08-2025,INV00136,433,20,74,487,VEND007,6,5,45,935,Acetaminophen 500mg,Tablet,Pain Relief
19-08-2025,INV00137,473,45,31,459,VEND004,4,1,37,292,Scalpel,Device,Surgical
04-08-2025,INV00138,236,34,91,293,VEND011,7,1,28,477,IV Set,Device,Consumable
27-08-2025,INV00139,370,2,71,439,VEND018,2,3,10,366,Face Mask,Device,Consumable
18-08-2025,INV00140,409,13,23,419,VEND002,4,5,43,913,Syringe 5ml,Device,Consumable
09-08-2025,INV00141,413,19,15,409,VEND016,5,1,36,839,Thermometer,Device,Medical Equipment
04-08-2025,INV00142,434,10,39,463,VEND015,3,3,32,977,Thermometer,Device,Medical Equipment
02-08-2025,INV00143,381,40,61,402,VEND008,5,2,10,784,Gloves Nitrile,Device,Consumable
08-08-2025,INV00144,474,41,59,492,VEND011,2,5,18,981,Vitamin C 500mg,Tablet,Vitamin
19-08-2025,INV00145,391,30,57,418,VEND012,7,2,28,311,Insulin 10ml,Injection,Diabetic
30-08-2025,INV00146,177,10,92,259,VEND016,10,4,42,346,Saline 500ml,Liquid,Consumable
21-08-2025,INV00147,249,30,15,234,VEND020,7,4,45,726,Ceftriaxone 1g,Injection,Antibiotic
06-08-2025,INV00148,81,33,57,105,VEND005,7,1,12,878,Ibuprofen 200mg,Capsule,Pain Relief
07-08-2025,INV00149,383,14,87,456,VEND014,5,2,24,642,Saline 500ml,Liquid,Consumable
09-08-2025,INV00150,189,38,32,183,VEND010,5,3,46,259,Stethoscope,Device,Medical Equipment
11-08-2025,INV00151,387,47,73,413,VEND017,4,4,27,829,Stethoscope,Device,Medical Equipment
29-08-2025,INV00152,130,25,14,119,VEND001,1,4,45,251,Face Mask,Device,Consumable
06-08-2025,INV00153,129,6,72,195,VEND011,3,1,15,686,IV Set,Device,Consumable
31-08-2025,INV00154,274,9,98,363,VEND002,6,4,46,539,Ceftriaxone 1g,Injection,Antibiotic
29-08-2025,INV00155,361,10,26,377,VEND005,4,1,28,351,IV Set,Device,Consumable
20-08-2025,INV00156,356,8,22,370,VEND019,6,1,41,794,Acetaminophen 500mg,Tablet,Pain Relief
25-08-2025,INV00157,211,16,91,286,VEND003,1,1,22,138,Ceftriaxone 1g,Injection,Antibiotic
28-08-2025,INV00158,219,29,45,235,VEND005,4,4,40,110,Gauze 10x10cm,Bandage,Surgical
07-08-2025,INV00159,89,8,16,97,VEND019,1,5,32,590,Syringe 5ml,Device,Consumable
26-08-2025,INV00160,398,30,24,392,VEND008,4,4,20,128,Gauze 10x10cm,Bandage,Surgical
30-08-2025,INV00161,135,21,37,151,VEND004,7,1,50,737,Vitamin C 500mg,Tablet,Vitamin
13-08-2025,INV00162,321,22,23,322,VEND007,4,4,20,330,Gauze 10x10cm,Bandage,Surgical
24-08-2025,INV00163,177,26,54,205,VEND019,7,1,21,819,Insulin 10ml,Injection,Diabetic
08-08-2025,INV00164,196,20,47,223,VEND006,3,2,26,319,Thermometer,Device,Medical Equipment
17-08-2025,INV00165,226,41,53,238,VEND004,4,1,44,818,Oximeter,Device,Medical Equipment
15-08-2025,INV00166,346,28,17,335,VEND008,9,2,28,493,Thermometer,Device,Medical Equipment
09-08-2025,INV00167,469,30,18,457,VEND007,3,1,39,288,Syringe 5ml,Device,Consumable
21-08-2025,INV00168,82,5,27,104,VEND012,5,5,32,124,Bandage 2cm,Bandage,Surgical
21-08-2025,INV00169,354,7,55,402,VEND019,5,2,32,410,Ceftriaxone 1g,Injection,Antibiotic
30-08-2025,INV00170,145,28,5,122,VEND012,3,2,42,995,Insulin 10ml,Injection,Diabetic
31-08-2025,INV00171,407,30,63,440,VEND007,5,4,42,742,Oximeter,Device,Medical Equipment
06-08-2025,INV00172,335,27,33,341,VEND014,7,4,25,369,Ceftriaxone 1g,Injection,Antibiotic
04-08-2025,INV00173,312,20,99,391,VEND006,6,2,17,503,Thermometer,Device,Medical Equipment
02-08-2025,INV00174,496,35,51,512,VEND005,9,3,14,100,Face Mask,Device,Consumable
08-08-2025,INV00175,335,42,14,307,VEND004,4,2,32,830,Acetaminophen 500mg,Tablet,Pain Relief
26-08-2025,INV00176,464,29,15,450,VEND007,6,2,50,491,IV Set,Device,Consumable
31-08-2025,INV00177,131,5,57,183,VEND010,9,5,20,187,Syringe 5ml,Device,Consumable
18-08-2025,INV00178,476,1,13,488,VEND020,7,3,17,794,Amoxicillin 250mg,Capsule,Antibiotic
26-08-2025,INV00179,237,37,58,258,VEND007,6,1,12,239,Syringe 5ml,Device,Consumable
29-08-2025,INV00180,380,2,74,452,VEND012,4,1,28,484,Vitamin C 500mg,Tablet,Vitamin
09-08-2025,INV00181,192,49,33,176,VEND009,1,5,37,856,Thermometer,Device,Medical Equipment
17-08-2025,INV00182,129,2,56,183,VEND015,6,2,43,997,Antiseptic Solution,Liquid,Surgical
28-08-2025,INV00183,364,4,40,400,VEND005,7,2,32,669,Acetaminophen 500mg,Tablet,Pain Relief
17-08-2025,INV00184,463,19,92,536,VEND008,9,1,12,566,Gauze 10x10cm,Bandage,Surgical
24-08-2025,INV00185,69,17,52,104,VEND017,1,5,10,280,Bandage 2cm,Bandage,Surgical
11-08-2025,INV00186,465,4,70,531,VEND007,8,3,19,548,Insulin 10ml,Injection,Diabetic
17-08-2025,INV00187,414,9,40,445,VEND018,10,5,42,475,Syringe 5ml,Device,Consumable
12-08-2025,INV00188,52,15,67,104,VEND006,4,1,43,799,Ibuprofen 200mg,Capsule,Pain Relief
30-08-2025,INV00189,439,48,32,423,VEND016,9,3,47,954,Gloves Nitrile,Device,Consumable
15-08-2025,INV00190,406,41,38,403,VEND013,7,3,50,574,IV Set,Device,Consumable
04-08-2025,INV00191,168,45,59,182,VEND008,6,5,45,810,Amoxicillin 250mg,Capsule,Antibiotic
24-08-2025,INV00192,67,41,60,86,VEND005,10,1,43,228,Amoxicillin 250mg,Capsule,Antibiotic
10-08-2025,INV00193,235,49,21,207,VEND006,3,4,45,583,Saline 500ml,Liquid,Consumable
14-08-2025,INV00194,453,39,27,441,VEND003,6,3,43,675,Saline 500ml,Liquid,Consumable
23-08-2025,INV00195,324,40,38,322,VEND002,4,1,40,890,Stethoscope,Device,Medical Equipment
17-08-2025,INV00196,206,17,95,284,VEND015,8,5,23,194,Scalpel,Device,Surgical
13-08-2025,INV00197,341,33,15,323,VEND018,1,5,29,454,Ceftriaxone 1g,Injection,Antibiotic
09-08-2025,INV00198,338,47,42,333,VEND013,9,4,15,411,Gauze 10x10cm,Bandage,Surgical
03-08-2025,INV00199,118,38,96,176,VEND015,7,1,26,599,Antiseptic Solution,Liquid,Surgical
27-08-2025,INV00200,158,7,51,202,VEND019,5,5,42,183,Acetaminophen 500mg,Tablet,Pain Relief
21-08-2025,INV00201,385,26,4,363,VEND005,10,2,31,362,Scalpel,Device,Surgical
29-08-2025,INV00202,80,34,85,131,VEND001,4,4,28,651,Stethoscope,Device,Medical Equipment
30-08-2025,INV00203,159,14,81,226,VEND007,9,5,15,581,Ibuprofen 200mg,Capsule,Pain Relief
04-08-2025,INV00204,305,18,6,293,VEND005,7,5,28,170,Face Mask,Device,Consumable
01-08-2025,INV00205,405,5,5,405,VEND004,8,3,49,115,IV Set,Device,Consumable
10-08-2025,INV00206,284,45,59,298,VEND013,5,2,49,217,Stethoscope,Device,Medical Equipment
27-08-2025,INV00207,184,49,57,192,VEND007,7,4,45,192,Saline 500ml,Liquid,Consumable
19-08-2025,INV00208,174,28,18,164,VEND009,9,5,26,658,Oximeter,Device,Medical Equipment
31-08-2025,INV00209,233,20,76,289,VEND014,4,1,16,165,Surgical Cap,Device,Surgical
10-08-2025,INV00210,157,21,49,185,VEND010,6,5,37,582,Oximeter,Device,Medical Equipment
28-08-2025,INV00211,399,14,84,469,VEND006,8,3,47,374,Antiseptic Solution,Liquid,Surgical
03-08-2025,INV00212,75,27,57,105,VEND014,3,3,36,183,IV Set,Device,Consumable
15-08-2025,INV00213,232,35,20,217,VEND009,1,2,26,982,Paracetamol Syrup,Syrup,Pain Relief
09-08-2025,INV00214,352,24,91,419,VEND012,8,1,41,987,Oximeter,Device,Medical Equipment
26-08-2025,INV00215,103,3,96,196,VEND001,3,4,29,723,Ibuprofen 200mg,Capsule,Pain Relief
05-08-2025,INV00216,56,30,12,38,VEND019,3,5,50,127,Surgical Cap,Device,Surgical
04-08-2025,INV00217,342,20,39,361,VEND010,5,2,48,706,Saline 500ml,Liquid,Consumable
22-08-2025,INV00218,496,27,69,538,VEND005,9,4,19,175,Vitamin C 500mg,Tablet,Vitamin
29-08-2025,INV00219,440,13,71,498,VEND018,6,2,36,782,Saline 500ml,Liquid,Consumable
04-08-2025,INV00220,181,21,97,257,VEND005,8,4,12,696,Insulin 10ml,Injection,Diabetic
06-08-2025,INV00221,491,3,48,536,VEND017,9,5,37,494,Gauze 10x10cm,Bandage,Surgical
29-08-2025,INV00222,413,8,15,420,VEND020,2,2,10,267,Surgical Cap,Device,Surgical
21-08-2025,INV00223,475,48,12,439,VEND007,10,5,34,420,Oximeter,Device,Medical Equipment
17-08-2025,INV00224,483,4,5,484,VEND013,4,3,30,997,Ibuprofen 200mg,Capsule,Pain Relief
16-08-2025,INV00225,255,12,75,318,VEND005,5,5,25,626,IV Set,Device,Consumable
23-08-2025,INV00226,445,8,22,459,VEND018,10,2,16,562,Bandage 2cm,Bandage,Surgical
13-08-2025,INV00227,411,41,71,441,VEND015,3,1,16,103,Acetaminophen 500mg,Tablet,Pain Relief
07-08-2025,INV00228,139,21,81,199,VEND011,8,5,46,898,Antiseptic Solution,Liquid,Surgical
16-08-2025,INV00229,153,34,58,177,VEND016,3,5,47,668,IV Set,Device,Consumable
17-08-2025,INV00230,349,40,16,325,VEND004,1,5,20,216,Bandage 2cm,Bandage,Surgical
26-08-2025,INV00231,166,10,28,184,VEND001,8,1,45,829,Scalpel,Device,Surgical
23-08-2025,INV00232,250,23,25,252,VEND006,6,2,50,1000,IV Set,Device,Consumable
12-08-2025,INV00233,159,9,85,235,VEND019,4,1,19,711,Insulin 10ml,Injection,Diabetic
20-08-2025,INV00234,200,35,96,261,VEND020,3,1,41,318,Syringe 5ml,Device,Consumable
13-08-2025,INV00235,386,17,18,387,VEND012,4,2,17,413,Face Mask,Device,Consumable
17-08-2025,INV00236,54,25,56,85,VEND020,5,1,48,656,Ibuprofen 200mg,Capsule,Pain Relief
18-08-2025,INV00237,267,23,78,322,VEND011,3,4,48,859,Oximeter,Device,Medical Equipment
27-08-2025,INV00238,431,11,0,420,VEND003,7,4,15,529,Ceftriaxone 1g,Injection,Antibiotic
16-08-2025,INV00239,340,25,35,350,VEND010,7,1,40,280,Surgical Cap,Device,Surgical
28-08-2025,INV00240,151,43,17,125,VEND020,9,5,30,827,Stethoscope,Device,Medical Equipment
26-08-2025,INV00241,334,21,53,366,VEND007,9,3,19,162,Ibuprofen 200mg,Capsule,Pain Relief
14-08-2025,INV00242,326,35,90,381,VEND013,7,2,46,252,IV Set,Device,Consumable
27-08-2025,INV00243,225,48,93,270,VEND013,5,1,42,610,Surgical Cap,Device,Surgical
19-08-2025,INV00244,144,28,2,118,VEND010,6,5,43,241,Paracetamol Syrup,Syrup,Pain Relief
31-08-2025,INV00245,341,26,91,406,VEND007,9,3,14,720,Oximeter,Device,Medical Equipment
14-08-2025,INV00246,247,48,40,239,VEND010,2,3,33,227,Stethoscope,Device,Medical Equipment
19-08-2025,INV00247,301,12,74,363,VEND019,9,5,50,468,Paracetamol Syrup,Syrup,Pain Relief
17-08-2025,INV00248,262,14,46,294,VEND008,5,2,21,481,Vitamin C 500mg,Tablet,Vitamin
09-08-2025,INV00249,291,47,12,256,VEND004,1,1,48,400,Stethoscope,Device,Medical Equipment
01-08-2025,INV00250,308,23,15,300,VEND010,1,3,45,873,Thermometer,Device,Medical Equipment
02-08-2025,INV00251,342,47,33,328,VEND011,5,2,24,684,Bandage 2cm,Bandage,Surgical
01-08-2025,INV00252,63,22,25,66,VEND006,4,5,26,714,Saline 500ml,Liquid,Consumable
28-08-2025,INV00253,307,27,94,374,VEND020,7,2,48,249,Insulin 10ml,Injection,Diabetic
01-08-2025,INV00254,292,46,22,268,VEND003,8,1,12,311,Acetaminophen 500mg,Tablet,Pain Relief
18-08-2025,INV00255,304,50,44,298,VEND016,1,2,46,768,Stethoscope,Device,Medical Equipment
31-08-2025,INV00256,84,22,100,162,VEND014,2,5,11,265,Insulin 10ml,Injection,Diabetic
29-08-2025,INV00257,153,6,8,155,VEND011,4,5,21,345,Acetaminophen 500mg,Tablet,Pain Relief
04-08-2025,INV00258,449,42,45,452,VEND012,6,1,33,996,Antiseptic Solution,Liquid,Surgical
16-08-2025,INV00259,345,20,2,327,VEND005,10,2,40,407,Insulin 10ml,Injection,Diabetic
16-08-2025,INV00260,349,25,80,404,VEND006,1,3,12,484,Thermometer,Device,Medical Equipment
05-08-2025,INV00261,214,34,78,258,VEND003,8,4,45,844,Gloves Nitrile,Device,Consumable
23-08-2025,INV00262,376,21,70,425,VEND006,4,1,45,237,Acetaminophen 500mg,Tablet,Pain Relief
30-08-2025,INV00263,137,31,8,114,VEND013,1,2,41,259,Gloves Nitrile,Device,Consumable
31-08-2025,INV00264,248,15,77,310,VEND004,2,5,30,401,Oximeter,Device,Medical Equipment
08-08-2025,INV00265,354,31,15,338,VEND020,2,2,29,652,Gloves Nitrile,Device,Consumable
22-08-2025,INV00266,182,41,5,146,VEND013,4,4,19,311,Gloves Nitrile,Device,Consumable
26-08-2025,INV00267,307,24,50,333,VEND004,2,5,40,584,Thermometer,Device,Medical Equipment
12-08-2025,INV00268,338,19,94,413,VEND002,9,4,45,375,Vitamin C 500mg,Tablet,Vitamin
10-08-2025,INV00269,386,7,28,407,VEND009,3,1,14,493,Gauze 10x10cm,Bandage,Surgical
23-08-2025,INV00270,296,16,62,342,VEND002,1,4,41,105,Ceftriaxone 1g,Injection,Antibiotic
06-08-2025,INV00271,338,30,76,384,VEND006,9,5,26,606,Vitamin C 500mg,Tablet,Vitamin
13-08-2025,INV00272,177,0,9,186,VEND008,8,4,47,519,Bandage 2cm,Bandage,Surgical
18-08-2025,INV00273,269,24,57,302,VEND009,9,3,40,847,Oximeter,Device,Medical Equipment
31-08-2025,INV00274,128,15,51,164,VEND013,5,5,31,276,Ceftriaxone 1g,Injection,Antibiotic
30-08-2025,INV00275,306,50,53,309,VEND018,9,3,30,394,Acetaminophen 500mg,Tablet,Pain Relief
04-08-2025,INV00276,70,12,19,77,VEND017,7,1,26,778,Antiseptic Solution,Liquid,Surgical
08-08-2025,INV00277,269,2,11,278,VEND008,4,5,22,205,Ceftriaxone 1g,Injection,Antibiotic
13-08-2025,INV00278,209,5,73,277,VEND011,2,5,21,431,Face Mask,Device,Consumable
03-08-2025,INV00279,488,5,98,581,VEND010,10,5,25,151,Ibuprofen 200mg,Capsule,Pain Relief
08-08-2025,INV00280,403,17,3,389,VEND004,6,2,19,837,Acetaminophen 500mg,Tablet,Pain Relief
13-08-2025,INV00281,477,4,89,562,VEND007,4,2,32,807,Saline 500ml,Liquid,Consumable
03-08-2025,INV00282,332,48,6,290,VEND012,10,2,24,250,Ceftriaxone 1g,Injection,Antibiotic
25-08-2025,INV00283,323,34,85,374,VEND011,1,1,45,264,Scalpel,Device,Surgical
04-08-2025,INV00284,440,50,93,483,VEND006,6,1,12,643,IV Set,Device,Consumable
04-08-2025,INV00285,498,3,37,532,VEND018,7,4,43,961,Gauze 10x10cm,Bandage,Surgical
12-08-2025,INV00286,221,33,12,200,VEND017,3,3,15,762,Amoxicillin 250mg,Capsule,Antibiotic
04-08-2025,INV00287,342,13,58,387,VEND014,6,1,12,798,Vitamin C 500mg,Tablet,Vitamin
02-08-2025,INV00288,286,20,48,314,VEND009,5,2,23,106,Bandage 2cm,Bandage,Surgical
25-08-2025,INV00289,166,8,17,175,VEND008,2,2,31,203,Gauze 10x10cm,Bandage,Surgical
23-08-2025,INV00290,176,25,37,188,VEND002,1,3,26,638,Ibuprofen 200mg,Capsule,Pain Relief
11-08-2025,INV00291,144,3,83,224,VEND013,8,3,29,596,Antiseptic Solution,Liquid,Surgical
22-08-2025,INV00292,90,6,95,179,VEND006,3,3,44,602,Gauze 10x10cm,Bandage,Surgical
31-08-2025,INV00293,326,0,52,378,VEND013,2,2,38,935,Ibuprofen 200mg,Capsule,Pain Relief
06-08-2025,INV00294,466,6,35,495,VEND015,6,5,48,124,Bandage 2cm,Bandage,Surgical
10-08-2025,INV00295,410,32,41,419,VEND007,2,5,50,454,Amoxicillin 250mg,Capsule,Antibiotic
28-08-2025,INV00296,401,27,20,394,VEND013,3,3,47,393,Gloves Nitrile,Device,Consumable
02-08-2025,INV00297,205,39,65,231,VEND008,2,2,24,848,Gauze 10x10cm,Bandage,Surgical
23-08-2025,INV00298,117,23,20,114,VEND007,4,1,35,710,Ceftriaxone 1g,Injection,Antibiotic
20-08-2025,INV00299,458,13,91,536,VEND020,7,3,36,927,Insulin 10ml,Injection,Diabetic
11-08-2025,INV00300,94,42,97,149,VEND020,4,5,47,108,Paracetamol Syrup,Syrup,Pain Relief
12-08-2025,INV00301,172,31,34,175,VEND010,9,4,43,428,Paracetamol Syrup,Syrup,Pain Relief
19-08-2025,INV00302,125,39,44,130,VEND010,9,2,24,579,Thermometer,Device,Medical Equipment
07-08-2025,INV00303,143,37,97,203,VEND006,7,2,24,865,Paracetamol Syrup,Syrup,Pain Relief
12-08-2025,INV00304,500,45,41,496,VEND008,9,2,24,947,Oximeter,Device,Medical Equipment
06-08-2025,INV00305,83,9,58,132,VEND007,3,4,49,870,Saline 500ml,Liquid,Consumable
27-08-2025,INV00306,438,6,54,486,VEND001,10,1,23,892,Bandage 2cm,Bandage,Surgical
05-08-2025,INV00307,389,40,25,374,VEND011,10,5,42,315,Antiseptic Solution,Liquid,Surgical
06-08-2025,INV00308,238,10,6,234,VEND018,10,2,24,499,Saline 500ml,Liquid,Consumable
09-08-2025,INV00309,69,45,30,54,VEND003,8,4,18,635,Paracetamol Syrup,Syrup,Pain Relief
13-08-2025,INV00310,213,11,40,242,VEND016,8,1,11,866,Vitamin C 500mg,Tablet,Vitamin
11-08-2025,INV00311,313,39,15,289,VEND010,10,2,31,662,Surgical Cap,Device,Surgical
14-08-2025,INV00312,435,17,7,425,VEND011,2,4,50,303,Vitamin C 500mg,Tablet,Vitamin
18-08-2025,INV00313,179,23,35,191,VEND019,9,3,34,400,Surgical Cap,Device,Surgical
01-08-2025,INV00314,194,46,97,245,VEND011,5,1,49,754,Thermometer,Device,Medical Equipment
12-08-2025,INV00315,396,2,97,491,VEND016,10,5,33,699,Saline 500ml,Liquid,Consumable
06-08-2025,INV00316,162,14,34,182,VEND012,3,4,36,632,Surgical Cap,Device,Surgical
08-08-2025,INV00317,239,43,81,277,VEND012,5,4,28,392,Saline 500ml,Liquid,Consumable
04-08-2025,INV00318,179,15,99,263,VEND004,3,2,31,904,Ibuprofen 200mg,Capsule,Pain Relief
25-08-2025,INV00319,131,44,53,140,VEND015,2,3,13,565,Ibuprofen 200mg,Capsule,Pain Relief
10-08-2025,INV00320,97,9,96,184,VEND011,9,3,48,712,Surgical Cap,Device,Surgical
07-08-2025,INV00321,197,5,11,203,VEND010,2,4,45,658,Paracetamol Syrup,Syrup,Pain Relief
13-08-2025,INV00322,412,24,73,461,VEND007,7,3,24,544,Ceftriaxone 1g,Injection,Antibiotic
23-08-2025,INV00323,306,19,20,307,VEND008,7,4,14,830,Surgical Cap,Device,Surgical
20-08-2025,INV00324,141,19,66,188,VEND005,3,3,48,572,Oximeter,Device,Medical Equipment
28-08-2025,INV00325,120,23,44,141,VEND017,10,5,37,270,Stethoscope,Device,Medical Equipment
26-08-2025,INV00326,302,3,56,355,VEND012,8,1,24,915,Thermometer,Device,Medical Equipment
22-08-2025,INV00327,67,24,67,110,VEND003,3,1,23,236,Ibuprofen 200mg,Capsule,Pain Relief
23-08-2025,INV00328,396,37,40,399,VEND010,5,2,32,999,Thermometer,Device,Medical Equipment
18-08-2025,INV00329,156,48,89,197,VEND013,8,5,46,716,Thermometer,Device,Medical Equipment
13-08-2025,INV00330,201,25,79,255,VEND017,7,2,41,208,Scalpel,Device,Surgical
25-08-2025,INV00331,248,12,59,295,VEND004,8,2,20,599,Acetaminophen 500mg,Tablet,Pain Relief
01-08-2025,INV00332,50,49,39,40,VEND009,9,3,33,452,Face Mask,Device,Consumable
14-08-2025,INV00333,101,13,29,117,VEND016,6,5,45,981,Oximeter,Device,Medical Equipment
03-08-2025,INV00334,376,6,14,384,VEND005,6,2,47,999,Gloves Nitrile,Device,Consumable
09-08-2025,INV00335,61,34,61,88,VEND015,8,5,12,461,Amoxicillin 250mg,Capsule,Antibiotic
19-08-2025,INV00336,347,44,65,368,VEND003,6,2,36,852,Gloves Nitrile,Device,Consumable
06-08-2025,INV00337,67,24,88,131,VEND003,8,4,31,702,Paracetamol Syrup,Syrup,Pain Relief
03-08-2025,INV00338,440,46,21,415,VEND020,3,5,41,576,Gauze 10x10cm,Bandage,Surgical
04-08-2025,INV00339,200,13,93,280,VEND018,7,1,32,394,Ceftriaxone 1g,Injection,Antibiotic
28-08-2025,INV00340,231,21,29,239,VEND001,9,1,41,562,Stethoscope,Device,Medical Equipment
13-08-2025,INV00341,139,26,71,184,VEND001,7,4,17,635,Stethoscope,Device,Medical Equipment
02-08-2025,INV00342,497,31,96,562,VEND007,7,3,10,918,Gauze 10x10cm,Bandage,Surgical
01-08-2025,INV00343,426,15,75,486,VEND014,2,1,11,128,Oximeter,Device,Medical Equipment
01-08-2025,INV00344,229,24,75,280,VEND015,5,3,19,107,Oximeter,Device,Medical Equipment
12-08-2025,INV00345,431,35,82,478,VEND019,4,1,48,920,Paracetamol Syrup,Syrup,Pain Relief
29-08-2025,INV00346,317,39,81,359,VEND015,6,5,19,970,Paracetamol Syrup,Syrup,Pain Relief
09-08-2025,INV00347,294,23,100,371,VEND001,8,1,37,121,Scalpel,Device,Surgical
08-08-2025,INV00348,415,26,18,407,VEND002,1,2,36,122,Amoxicillin 250mg,Capsule,Antibiotic
22-08-2025,INV00349,228,38,7,197,VEND015,8,1,31,699,IV Set,Device,Consumable
14-08-2025,INV00350,199,50,42,191,VEND017,2,2,21,955,Thermometer,Device,Medical Equipment
28-08-2025,INV00351,450,32,71,489,VEND005,10,3,29,828,Face Mask,Device,Consumable
05-08-2025,INV00352,110,41,28,97,VEND009,7,5,17,347,Scalpel,Device,Surgical
28-08-2025,INV00353,393,12,95,476,VEND007,9,2,45,555,IV Set,Device,Consumable
22-08-2025,INV00354,367,18,63,412,VEND006,5,3,18,559,Bandage 2cm,Bandage,Surgical
17-08-2025,INV00355,429,12,31,448,VEND014,7,1,42,925,Ceftriaxone 1g,Injection,Antibiotic
30-08-2025,INV00356,65,32,55,88,VEND007,1,2,49,629,Insulin 10ml,Injection,Diabetic
05-08-2025,INV00357,250,5,1,246,VEND013,9,4,30,989,Gauze 10x10cm,Bandage,Surgical
26-08-2025,INV00358,486,25,71,532,VEND004,3,2,31,195,Gloves Nitrile,Device,Consumable
15-08-2025,INV00359,400,39,90,451,VEND007,6,1,11,181,Stethoscope,Device,Medical Equipment
04-08-2025,INV00360,447,22,42,467,VEND017,10,2,26,125,Ceftriaxone 1g,Injection,Antibiotic
28-08-2025,INV00361,197,6,97,288,VEND015,2,4,40,251,Surgical Cap,Device,Surgical
17-08-2025,INV00362,229,11,1,219,VEND005,2,4,43,367,Gloves Nitrile,Device,Consumable
13-08-2025,INV00363,370,15,69,424,VEND020,3,1,40,243,Ibuprofen 200mg,Capsule,Pain Relief
19-08-2025,INV00364,409,40,44,413,VEND014,9,5,15,104,Ceftriaxone 1g,Injection,Antibiotic
29-08-2025,INV00365,274,38,53,289,VEND001,4,2,38,318,Gauze 10x10cm,Bandage,Surgical
18-08-2025,INV00366,81,30,12,63,VEND011,9,3,41,380,Thermometer,Device,Medical Equipment
10-08-2025,INV00367,137,16,59,180,VEND020,3,4,16,978,Bandage 2cm,Bandage,Surgical
04-08-2025,INV00368,462,5,13,470,VEND020,10,2,14,300,IV Set,Device,Consumable
21-08-2025,INV00369,201,13,16,204,VEND014,3,4,11,225,IV Set,Device,Consumable
08-08-2025,INV00370,391,40,81,432,VEND002,7,1,35,596,Scalpel,Device,Surgical
26-08-2025,INV00371,472,7,51,516,VEND010,3,2,14,546,Bandage 2cm,Bandage,Surgical
10-08-2025,INV00372,61,11,14,64,VEND012,1,5,28,620,Surgical Cap,Device,Surgical
31-08-2025,INV00373,196,19,87,264,VEND018,5,2,42,514,Vitamin C 500mg,Tablet,Vitamin
07-08-2025,INV00374,53,29,100,124,VEND008,7,2,46,621,Amoxicillin 250mg,Capsule,Antibiotic
01-08-2025,INV00375,495,26,58,527,VEND012,4,2,26,346,Acetaminophen 500mg,Tablet,Pain Relief
29-08-2025,INV00376,359,35,97,421,VEND018,2,4,46,539,Bandage 2cm,Bandage,Surgical
11-08-2025,INV00377,58,4,81,135,VEND011,2,4,40,193,Bandage 2cm,Bandage,Surgical
25-08-2025,INV00378,401,30,1,372,VEND014,2,2,36,361,Surgical Cap,Device,Surgical
14-08-2025,INV00379,218,18,57,257,VEND017,8,1,22,724,Antiseptic Solution,Liquid,Surgical
05-08-2025,INV00380,232,45,34,221,VEND001,9,2,30,945,Antiseptic Solution,Liquid,Surgical
19-08-2025,INV00381,285,39,10,256,VEND020,4,2,18,862,Saline 500ml,Liquid,Consumable
07-08-2025,INV00382,148,12,84,220,VEND012,2,5,46,394,Ibuprofen 200mg,Capsule,Pain Relief
23-08-2025,INV00383,486,15,61,532,VEND005,3,4,46,735,Scalpel,Device,Surgical
13-08-2025,INV00384,162,1,51,212,VEND013,7,4,21,601,Surgical Cap,Device,Surgical
07-08-2025,INV00385,329,29,12,312,VEND005,7,5,47,786,Syringe 5ml,Device,Consumable
24-08-2025,INV00386,60,4,94,150,VEND002,8,3,18,347,Vitamin C 500mg,Tablet,Vitamin
11-08-2025,INV00387,247,14,16,249,VEND016,6,2,46,407,Surgical Cap,Device,Surgical
31-08-2025,INV00388,315,20,43,338,VEND020,1,3,27,120,Saline 500ml,Liquid,Consumable
05-08-2025,INV00389,102,38,29,93,VEND011,3,3,47,170,Gauze 10x10cm,Bandage,Surgical
20-08-2025,INV00390,217,22,14,209,VEND017,5,2,41,892,Scalpel,Device,Surgical
25-08-2025,INV00391,491,25,48,514,VEND010,4,3,28,291,Insulin 10ml,Injection,Diabetic
25-08-2025,INV00392,158,10,52,200,VEND016,10,4,11,460,Saline 500ml,Liquid,Consumable
23-08-2025,INV00393,378,39,67,406,VEND009,5,2,36,478,Thermometer,Device,Medical Equipment
06-08-2025,INV00394,359,30,22,351,VEND004,8,2,34,250,Thermometer,Device,Medical Equipment
29-08-2025,INV00395,318,48,97,367,VEND001,1,1,17,383,Gauze 10x10cm,Bandage,Surgical
01-08-2025,INV00396,53,22,68,99,VEND010,6,3,41,625,Bandage 2cm,Bandage,Surgical
13-08-2025,INV00397,478,50,40,468,VEND013,2,5,50,574,Syringe 5ml,Device,Consumable
04-08-2025,INV00398,304,38,29,295,VEND001,5,4,10,623,Ibuprofen 200mg,Capsule,Pain Relief
08-08-2025,INV00399,327,33,93,387,VEND013,6,3,36,640,Antiseptic Solution,Liquid,Surgical
28-08-2025,INV00400,268,4,89,353,VEND010,8,3,14,907,Stethoscope,Device,Medical Equipment
12-08-2025,INV00401,217,12,45,250,VEND010,1,4,37,935,Scalpel,Device,Surgical
18-08-2025,INV00402,348,21,31,358,VEND010,2,2,25,793,Stethoscope,Device,Medical Equipment
01-08-2025,INV00403,448,49,62,461,VEND008,1,2,45,745,IV Set,Device,Consumable
19-08-2025,INV00404,234,20,38,252,VEND014,1,1,49,301,Scalpel,Device,Surgical
28-08-2025,INV00405,453,0,75,528,VEND008,2,3,16,164,Bandage 2cm,Bandage,Surgical
21-08-2025,INV00406,491,1,77,567,VEND011,1,2,19,403,Gloves Nitrile,Device,Consumable
29-08-2025,INV00407,227,0,22,249,VEND006,4,5,50,279,Gloves Nitrile,Device,Consumable
18-08-2025,INV00408,228,12,28,244,VEND007,8,4,38,362,Syringe 5ml,Device,Consumable
31-08-2025,INV00409,420,1,19,438,VEND013,4,3,18,834,Amoxicillin 250mg,Capsule,Antibiotic
25-08-2025,INV00410,96,15,75,156,VEND019,3,4,14,502,Syringe 5ml,Device,Consumable
10-08-2025,INV00411,283,35,39,287,VEND011,3,1,10,410,Gauze 10x10cm,Bandage,Surgical
06-08-2025,INV00412,441,2,36,475,VEND001,6,2,19,916,Amoxicillin 250mg,Capsule,Antibiotic
29-08-2025,INV00413,203,32,9,180,VEND015,9,5,40,158,Stethoscope,Device,Medical Equipment
25-08-2025,INV00414,171,15,77,233,VEND013,1,1,14,149,Acetaminophen 500mg,Tablet,Pain Relief
14-08-2025,INV00415,129,35,82,176,VEND003,3,5,39,586,Insulin 10ml,Injection,Diabetic
26-08-2025,INV00416,387,11,54,430,VEND003,1,2,38,939,Ibuprofen 200mg,Capsule,Pain Relief
23-08-2025,INV00417,394,45,10,359,VEND001,8,3,26,138,Surgical Cap,Device,Surgical
31-08-2025,INV00418,259,2,52,309,VEND002,7,1,11,935,Stethoscope,Device,Medical Equipment
03-08-2025,INV00419,57,38,56,75,VEND015,2,3,33,465,Insulin 10ml,Injection,Diabetic
30-08-2025,INV00420,432,35,1,398,VEND011,10,2,31,416,Scalpel,Device,Surgical
18-08-2025,INV00421,173,28,87,232,VEND005,4,1,11,960,Insulin 10ml,Injection,Diabetic
14-08-2025,INV00422,173,13,31,191,VEND014,8,1,44,396,Surgical Cap,Device,Surgical
17-08-2025,INV00423,452,25,57,484,VEND019,7,2,14,467,Thermometer,Device,Medical Equipment
25-08-2025,INV00424,200,24,60,236,VEND011,9,3,27,907,Insulin 10ml,Injection,Diabetic
28-08-2025,INV00425,413,45,13,381,VEND008,2,1,37,627,Stethoscope,Device,Medical Equipment
03-08-2025,INV00426,412,15,26,423,VEND018,2,5,17,309,Antiseptic Solution,Liquid,Surgical
16-08-2025,INV00427,478,42,27,463,VEND020,2,4,14,303,Saline 500ml,Liquid,Consumable
28-08-2025,INV00428,317,29,67,355,VEND011,4,2,47,893,Face Mask,Device,Consumable
24-08-2025,INV00429,235,34,69,270,VEND017,5,4,32,803,Gauze 10x10cm,Bandage,Surgical
05-08-2025,INV00430,322,25,34,331,VEND011,4,1,15,479,Surgical Cap,Device,Surgical
25-08-2025,INV00431,119,31,35,123,VEND003,6,2,34,244,Bandage 2cm,Bandage,Surgical
10-08-2025,INV00432,362,46,49,365,VEND006,5,5,23,518,Surgical Cap,Device,Surgical
07-08-2025,INV00433,150,34,80,196,VEND012,4,3,15,952,Oximeter,Device,Medical Equipment
29-08-2025,INV00434,399,30,69,438,VEND007,4,1,45,791,Insulin 10ml,Injection,Diabetic
28-08-2025,INV00435,307,13,17,311,VEND007,1,2,37,194,Amoxicillin 250mg,Capsule,Antibiotic
17-08-2025,INV00436,190,23,92,259,VEND007,9,1,49,951,Acetaminophen 500mg,Tablet,Pain Relief
11-08-2025,INV00437,94,17,77,154,VEND002,5,5,18,737,Antiseptic Solution,Liquid,Surgical
22-08-2025,INV00438,391,3,62,450,VEND011,5,3,33,836,Surgical Cap,Device,Surgical
20-08-2025,INV00439,344,28,100,416,VEND014,9,4,10,127,Vitamin C 500mg,Tablet,Vitamin
28-08-2025,INV00440,245,30,78,293,VEND018,4,5,24,849,Gauze 10x10cm,Bandage,Surgical
17-08-2025,INV00441,239,36,88,291,VEND015,10,5,42,135,Bandage 2cm,Bandage,Surgical
28-08-2025,INV00442,145,13,9,141,VEND002,8,4,24,182,Vitamin C 500mg,Tablet,Vitamin
27-08-2025,INV00443,411,8,72,475,VEND012,7,4,13,733,Bandage 2cm,Bandage,Surgical
12-08-2025,INV00444,208,14,27,221,VEND016,3,3,22,114,Gloves Nitrile,Device,Consumable
17-08-2025,INV00445,280,23,59,316,VEND004,3,4,35,478,Saline 500ml,Liquid,Consumable
29-08-2025,INV00446,90,7,20,103,VEND010,10,2,36,755,Antiseptic Solution,Liquid,Surgical
08-08-2025,INV00447,104,18,52,138,VEND016,8,2,38,117,Face Mask,Device,Consumable
31-08-2025,INV00448,457,44,93,506,VEND004,3,1,46,518,Gloves Nitrile,Device,Consumable
09-08-2025,INV00449,366,30,3,339,VEND015,5,3,46,674,Paracetamol Syrup,Syrup,Pain Relief
10-08-2025,INV00450,102,6,75,171,VEND020,7,1,21,854,Scalpel,Device,Surgical
10-08-2025,INV00451,124,45,19,98,VEND011,7,2,44,875,Paracetamol Syrup,Syrup,Pain Relief
22-08-2025,INV00452,404,6,93,491,VEND002,10,5,26,381,IV Set,Device,Consumable
06-08-2025,INV00453,83,26,38,95,VEND002,9,4,13,952,Stethoscope,Device,Medical Equipment
12-08-2025,INV00454,177,33,7,151,VEND007,8,3,36,165,Surgical Cap,Device,Surgical
23-08-2025,INV00455,461,17,73,517,VEND001,8,1,46,337,Bandage 2cm,Bandage,Surgical
08-08-2025,INV00456,120,47,38,111,VEND001,6,5,29,452,Acetaminophen 500mg,Tablet,Pain Relief
18-08-2025,INV00457,381,8,8,381,VEND016,6,3,31,718,Gauze 10x10cm,Bandage,Surgical
04-08-2025,INV00458,403,49,51,405,VEND016,1,2,26,993,Thermometer,Device,Medical Equipment
21-08-2025,INV00459,55,39,49,65,VEND001,4,4,38,848,Amoxicillin 250mg,Capsule,Antibiotic
15-08-2025,INV00460,484,23,60,521,VEND006,7,5,42,473,Stethoscope,Device,Medical Equipment
23-08-2025,INV00461,241,7,88,322,VEND014,10,1,33,694,Gloves Nitrile,Device,Consumable
28-08-2025,INV00462,238,13,45,270,VEND012,7,5,40,252,Stethoscope,Device,Medical Equipment
13-08-2025,INV00463,406,7,68,467,VEND001,9,2,20,235,Scalpel,Device,Surgical
10-08-2025,INV00464,260,28,4,236,VEND012,4,5,35,798,Face Mask,Device,Consumable
03-08-2025,INV00465,403,2,73,474,VEND001,8,2,30,311,Antiseptic Solution,Liquid,Surgical
23-08-2025,INV00466,361,41,44,364,VEND009,1,1,50,210,Amoxicillin 250mg,Capsule,Antibiotic
13-08-2025,INV00467,115,9,11,117,VEND003,1,4,22,489,Gloves Nitrile,Device,Consumable
11-08-2025,INV00468,221,2,21,240,VEND009,7,3,40,358,Gauze 10x10cm,Bandage,Surgical
17-08-2025,INV00469,141,32,14,123,VEND008,2,5,35,355,Surgical Cap,Device,Surgical
21-08-2025,INV00470,281,15,71,337,VEND009,4,4,40,854,Surgical Cap,Device,Surgical
08-08-2025,INV00471,290,12,53,331,VEND005,7,1,46,683,Oximeter,Device,Medical Equipment
17-08-2025,INV00472,101,19,17,99,VEND005,2,2,42,706,Syringe 5ml,Device,Consumable
01-08-2025,INV00473,230,49,34,215,VEND008,3,4,48,731,Saline 500ml,Liquid,Consumable
23-08-2025,INV00474,162,47,85,200,VEND016,4,5,21,412,Vitamin C 500mg,Tablet,Vitamin
28-08-2025,INV00475,416,27,37,426,VEND011,9,4,22,356,Stethoscope,Device,Medical Equipment
23-08-2025,INV00476,217,32,92,277,VEND007,10,4,23,859,Face Mask,Device,Consumable
29-08-2025,INV00477,500,36,21,485,VEND017,3,4,21,301,Face Mask,Device,Consumable
13-08-2025,INV00478,466,25,42,483,VEND001,2,5,16,553,Surgical Cap,Device,Surgical
29-08-2025,INV00479,428,16,1,413,VEND003,2,2,10,898,Insulin 10ml,Injection,Diabetic
31-08-2025,INV00480,152,14,61,199,VEND020,8,4,42,208,Amoxicillin 250mg,Capsule,Antibiotic
15-08-2025,INV00481,54,41,12,25,VEND006,9,1,38,132,Surgical Cap,Device,Surgical
18-08-2025,INV00482,379,25,53,407,VEND013,7,4,43,590,Ceftriaxone 1g,Injection,Antibiotic
26-08-2025,INV00483,60,10,87,137,VEND017,9,1,35,133,Insulin 10ml,Injection,Diabetic
29-08-2025,INV00484,422,22,76,476,VEND006,10,1,41,791,Scalpel,Device,Surgical
02-08-2025,INV00485,251,31,32,252,VEND013,7,1,28,808,Syringe 5ml,Device,Consumable
22-08-2025,INV00486,367,7,43,403,VEND018,6,1,41,384,Stethoscope,Device,Medical Equipment
26-08-2025,INV00487,209,27,78,260,VEND006,3,3,34,770,Gauze 10x10cm,Bandage,Surgical
16-08-2025,INV00488,107,4,11,114,VEND002,6,4,32,831,Face Mask,Device,Consumable
31-08-2025,INV00489,360,31,67,396,VEND017,8,4,32,116,Antiseptic Solution,Liquid,Surgical
28-08-2025,INV00490,279,3,66,342,VEND002,5,5,50,1000,Amoxicillin 250mg,Capsule,Antibiotic
27-08-2025,INV00491,85,6,3,82,VEND006,8,5,30,367,Face Mask,Device,Consumable
12-08-2025,INV00492,359,27,84,416,VEND012,3,5,39,384,Syringe 5ml,Device,Consumable
22-08-2025,INV00493,265,35,6,236,VEND001,4,2,37,294,Ibuprofen 200mg,Capsule,Pain Relief
25-08-2025,INV00494,430,42,58,446,VEND016,4,1,11,985,Ceftriaxone 1g,Injection,Antibiotic
15-08-2025,INV00495,182,46,70,206,VEND014,7,5,30,525,Ibuprofen 200mg,Capsule,Pain Relief
22-08-2025,INV00496,423,31,17,409,VEND016,6,1,23,166,Syringe 5ml,Device,Consumable
14-08-2025,INV00497,140,46,17,111,VEND007,8,5,17,818,Gauze 10x10cm,Bandage,Surgical
25-08-2025,INV00498,418,34,1,385,VEND019,9,4,43,373,Surgical Cap,Device,Surgical
07-08-2025,INV00499,468,46,57,479,VEND005,4,4,41,964,Surgical Cap,Device,Surgical
25-08-2025,INV00500,380,41,42,381,VEND008,8,4,10,550,Insulin 10ml,Injection,Diabetic
